Fin-dex,PD#PN,Section,Slug,Status,Chars,Est_Cost_USD,Quota_Impact_%,COMMAND
0001,PD.AA.000,20 - About,buddha-dhamma-teachings-of-buddha,PENDING,7733,0.1547,1.55%,YES
0002,BD.AA.000,02 - Buddha Dhamma,dhamma,PENDING,1350,0.027,0.27%,YES
0003,BD.AA.001,02 - Buddha Dhamma,users-guide-puredhamma-website,PENDING,14707,0.2941,2.94%,YES
0004,CH.AA.000,23 - Buddhism in Charts,buddhism-in-charts,PENDING,1364,0.0273,0.27%,YES
0005,CH.AA.002,23 - Buddhism in Charts,buddha-dhamma-foundation,PENDING,353,0.0071,0.07%,YES
0006,BD.BB.001,02 - Buddha Dhamma,buddha-dhamma-a-scientific-approach,PENDING,351,0.007,0.07%,YES
0007,BD.BB.002,02 - Buddha Dhamma,introduction-scientific-approach-buddha-dhamma,PENDING,10167,0.2033,2.03%,YES
0008,BD.BB.003,02 - Buddha Dhamma,theories-of-our-world-scientific-overview,PENDING,7476,0.1495,1.5%,YES
0009,BD.BB.004,02 - Buddha Dhamma,mind-matter-buddhist-analysis,PENDING,11165,0.2233,2.23%,YES
0010,BD.BB.005,02 - Buddha Dhamma,sensual-pleasures-the-hidden-suffering,PENDING,12341,0.2468,2.47%,YES
0011,BD.BB.006,02 - Buddha Dhamma,kammic-energy-leads-to-consciousness,PENDING,10220,0.2044,2.04%,YES
0012,BD.CC.001,02 - Buddha Dhamma,brain-and-the-gandhabba,PENDING,241,0.0048,0.05%,YES
0013,BD.CC.002,02 - Buddha Dhamma,mind-is-not-in-the-brain,PENDING,10747,0.2149,2.15%,YES
0014,BD.CC.003,02 - Buddha Dhamma,gandhabba-in-a-human-body-an-analogy,PENDING,10809,0.2162,2.16%,YES
0015,BD.CC.004,02 - Buddha Dhamma,persistent-vegetative-state-buddhist-view,PENDING,11088,0.2218,2.22%,YES
0016,BD.CC.005,02 - Buddha Dhamma,patient-h-m-brain-and-memory,PENDING,12870,0.2574,2.57%,YES
0017,BD.CC.006,02 - Buddha Dhamma,memory-recall-for-gandhabba-in-a-human-body,PENDING,9598,0.192,1.92%,YES
0018,BD.CC.007,02 - Buddha Dhamma,how-do-we-see-role-of-the-gandhabba,PENDING,16906,0.3381,3.38%,YES
0019,BD.DD.001,02 - Buddha Dhamma,our-two-worlds-rupa-loka-and-nama-loka,PENDING,259,0.0052,0.05%,YES
0020,BD.DD.002,02 - Buddha Dhamma,autobiographical-memory-preserved-in-nama-loka,PENDING,11364,0.2273,2.27%,YES
0021,BD.DD.003,02 - Buddha Dhamma,rupa-and-rupakkhandha,PENDING,10856,0.2171,2.17%,YES
0022,BD.DD.004,02 - Buddha Dhamma,response-to-a-sensory-stimulus,PENDING,13477,0.2695,2.7%,YES
0023,BD.DD.005,02 - Buddha Dhamma,arammana-plays-critical-role-in-sensory-event,PENDING,11547,0.2309,2.31%,YES
0024,BD.DD.006,02 - Buddha Dhamma,nama-loka-and-rupa-loka,PENDING,12550,0.251,2.51%,YES
0025,BD.EE.001,02 - Buddha Dhamma,tipitaka-a-systematic-approach,PENDING,316,0.0063,0.06%,YES
0026,BD.EE.002,02 - Buddha Dhamma,tipitaka-uniqueness-buddha-dhamma,PENDING,12160,0.2432,2.43%,YES
0027,BD.EE.003,02 - Buddha Dhamma,pali-canon-is-self-contained-but-requires-detailed-explanation,PENDING,12162,0.2432,2.43%,YES
0028,BD.EE.004,02 - Buddha Dhamma,vinaya-pitaka-more-than-disciplinary-rules,PENDING,9411,0.1882,1.88%,YES
0029,BD.EE.005,02 - Buddha Dhamma,abhidhamma-pitaka-deeper-analyses-of-concepts,PENDING,11974,0.2395,2.39%,YES
0030,HB.AA.002,14 - Historical Background,incorrect-theravada-interpretations-historical-timeline,PENDING,11497,0.2299,2.3%,YES
0031,ER.HH.001,06 - Elephants in the Room,word-for-word-translation-of-the-tipitaka,PENDING,163,0.0033,0.03%,YES
0032,ER.BB.002,06 - Elephants in the Room,elephant-in-the-room-direct-translation-of-the-tipitaka,PENDING,12537,0.2507,2.51%,YES
0033,ER.BB.003,06 - Elephants in the Room,niddesa-brief-description-of-paticca-samuppada,PENDING,13470,0.2694,2.69%,YES
0034,ER.CC.001,06 - Elephants in the Room,paticca-samuppada-during-a-lifetime,PENDING,600,0.012,0.12%,YES
0035,BD.FF.001,02 - Buddha Dhamma,antarabhava-and-gandhabba,PENDING,176,0.0035,0.04%,YES
0036,BD.FF.002,02 - Buddha Dhamma,antarabhava-no-connection-to-gandhabba,PENDING,9695,0.1939,1.94%,YES
0037,BD.FF.003,02 - Buddha Dhamma,antarabhava-discussion-in-kathavatthu,PENDING,12627,0.2525,2.53%,YES
0038,BD.FF.004,02 - Buddha Dhamma,interpretation-of-the-tipitaka-gandhabba-example,PENDING,12026,0.2405,2.41%,YES
0039,BD.GG.001,02 - Buddha Dhamma,buddhahood-associated-controversies,PENDING,166,0.0033,0.03%,YES
0040,BD.GG.002,02 - Buddha Dhamma,buddhahood-controversies-introduction,PENDING,12486,0.2497,2.5%,YES
0041,BD.GG.003,02 - Buddha Dhamma,patihariya-supernormal-abilities-of-a-buddha,PENDING,14099,0.282,2.82%,YES
0042,BD.GG.004,02 - Buddha Dhamma,patihariya-iddhi-of-buddha,PENDING,12975,0.2595,2.6%,YES
0043,BD.AA.002,02 - Buddha Dhamma,what-is-buddha-dhamma,PENDING,10867,0.2173,2.17%,YES
0044,BD.AA.003,02 - Buddha Dhamma,foundation-of-dhamma,PENDING,7049,0.141,1.41%,YES
0045,BD.AA.004,02 - Buddha Dhamma,the-importance-of-purifying-the-mind-2,PENDING,11238,0.2248,2.25%,YES
0046,BD.HH.001,02 - Buddha Dhamma,the-grand-unified-theory-of-dhamma,PENDING,333,0.0067,0.07%,YES
0047,BD.HH.002,02 - Buddha Dhamma,grand-unified-theory-of-dhamma,PENDING,16176,0.3235,3.24%,YES
0048,BD.HH.003,02 - Buddha Dhamma,our-two-worlds-material-immaterial,PENDING,15527,0.3105,3.11%,YES
0049,BD.HH.004,02 - Buddha Dhamma,31-realms-associated-with-the-earth,PENDING,13160,0.2632,2.63%,YES
0050,BD.HH.005,02 - Buddha Dhamma,gandhabba-only-in-human-and-animal-realms,PENDING,14658,0.2932,2.93%,YES
0051,AB.EE.002,13 - Abhidhamma,importance-of-manomaya-kaya,PENDING,15330,0.3066,3.07%,YES
0052,BD.HH.006,02 - Buddha Dhamma,gandhabba-sensing-the-world-with-and-without-a-physical-body,PENDING,14467,0.2893,2.89%,
0053,BD.HH.007,02 - Buddha Dhamma,nibbana-in-the-big-picture,PENDING,10783,0.2157,2.16%,
0054,BD.AA.005,02 - Buddha Dhamma,buddha-dhamma-non-perceivability-self-consistency,PENDING,13480,0.2696,2.7%,
0055,BD.AA.006,02 - Buddha Dhamma,samsaric-time-scale-buddhist-cosmology,PENDING,6793,0.1359,1.36%,YES
0056,BD.AA.007,02 - Buddha Dhamma,evidence-for-rebirth,PENDING,12697,0.2539,2.54%,
0057,BD.II.001,02 - Buddha Dhamma,power-of-the-human-mind,PENDING,242,0.0048,0.05%,YES
0058,BD.II.002,02 - Buddha Dhamma,power-of-the-human-mind,PENDING,242,0.0048,0.05%,YES
0059,BD.II.003,02 - Buddha Dhamma,jhana-stages-of-nibbana,PENDING,13444,0.2689,2.69%,
0060,BD.II.004,02 - Buddha Dhamma,power-of-the-human-mind-the-anariya-or-mundane-jhanas,PENDING,12525,0.2505,2.5%,
0061,BD.II.005,02 - Buddha Dhamma,power-of-the-human-mind-ariya-jhanas,PENDING,6238,0.1248,1.25%,
0062,BD.II.006,02 - Buddha Dhamma,are-there-procedures-for-attaining-magga-phala-jhana-and-abhinna,PENDING,11996,0.2399,2.4%,
0063,BD.AA.008,02 - Buddha Dhamma,transfer-of-merits-pattidana-punnanumodana,PENDING,11545,0.2309,2.31%,
0064,BD.AA.009,02 - Buddha Dhamma,first-noble-truth-is-suffering-myths-about-suffering,PENDING,10972,0.2194,2.19%,
0065,BD.AA.010,02 - Buddha Dhamma,vinaya-the-nature-likes-to-be-in-equillibrium,PENDING,8685,0.1737,1.74%,
0066,KD.AA.000,03 - Key Dhamma Concepts,key-dhamma-concepts,PENDING,4029,0.0806,0.81%,
0067,KD.BB.001,03 - Key Dhamma Concepts,basic-framework-of-buddha-dhamma,PENDING,598,0.012,0.12%,
0068,KD.BB.002,03 - Key Dhamma Concepts,buddha-dhamma-noble-truths-paticca-samuppada-tilakkhana,PENDING,10343,0.2069,2.07%,
0069,KD.BB.003,03 - Key Dhamma Concepts,noble-truths-paticca-samuppada-tilakkhana-key-relationships,PENDING,12417,0.2483,2.48%,
0070,KD.BB.004,03 - Key Dhamma Concepts,anicca-nature-the-first-noble-truth-and-paticca-samuppada,PENDING,12107,0.2421,2.42%,
0071,KD.BB.005,03 - Key Dhamma Concepts,anicca-not-possible-to-overcome-suffering,PENDING,10555,0.2111,2.11%,
0072,KD.CC.001,03 - Key Dhamma Concepts,tilakkhana-introduction,PENDING,510,0.0102,0.1%,
0073,KD.CC.002,03 - Key Dhamma Concepts,anicca-and-anatta-two-characteristics-of-the-world,PENDING,11997,0.2399,2.4%,
0074,KD.CC.003,03 - Key Dhamma Concepts,anuloma-khanti-sammattaniyama-pre-requisites-for-a-sotapanna,PENDING,11482,0.2296,2.3%,
0076,KD.CC.004,03 - Key Dhamma Concepts,dukkha-in-tilakkhana-is-a-characteristic-not-dukkha-vedana,PENDING,10943,0.2189,2.19%,
0077,KD.CC.005,03 - Key Dhamma Concepts,attachment-to-things-with-dukkha-lakkhana-leads-to-dukkha,PENDING,10110,0.2022,2.02%,
0078,KD.CC.006,03 - Key Dhamma Concepts,how-does-anicca-nature-lead-to-dukkha,PENDING,15061,0.3012,3.01%,
0079,KD.CC.007,03 - Key Dhamma Concepts,anatta-is-a-characteristic-of-the-world-not-about-a-self,PENDING,8771,0.1754,1.75%,
0080,KD.CC.008,03 - Key Dhamma Concepts,anatta-in-anattalakkhana-sutta-part-1,PENDING,11701,0.234,2.34%,
0081,KD.CC.009,03 - Key Dhamma Concepts,anatta-in-anattalakkhana-sutta-part-2,PENDING,10248,0.205,2.05%,
0082,KD.DD.001,03 - Key Dhamma Concepts,san,PENDING,187,0.0037,0.04%,YES
0083,KD.DD.002,03 - Key Dhamma Concepts,san-dasa-akusala,PENDING,12815,0.2563,2.56%,
0084,KD.DD.003,03 - Key Dhamma Concepts,sankhara-kamma-kamma-vipaka,PENDING,19514,0.3903,3.9%,
0085,KD.DD.004,03 - Key Dhamma Concepts,sankhara-life-is-a-bundle-of-sankhara,PENDING,8715,0.1743,1.74%,
0086,PS.DD.004,09 - Paṭicca Samuppāda,difference-between-dhamma-and-sae1b985khara,PENDING,13649,0.273,2.73%,
0087,KD.DD.005,03 - Key Dhamma Concepts,kamma-are-done-with-abhisae1b985khara-types-of-abhisae1b985khara,PENDING,13612,0.2722,2.72%,
0088,KD.EE.001,03 - Key Dhamma Concepts,nibbana-2,PENDING,229,0.0046,0.05%,
0089,KD.EE.002,03 - Key Dhamma Concepts,nibbana-difficult-to-understand,PENDING,13137,0.2627,2.63%,
0090,BD.JJ.001,02 - Buddha Dhamma,the-four-stages-in-attaining-nibbana,PENDING,12162,0.2432,2.43%,
0091,BD.JJ.002,02 - Buddha Dhamma,what-are-rupa-relation-to-nibbana,PENDING,5949,0.119,1.19%,
0092,BD.JJ.003,02 - Buddha Dhamma,niramisa-sukha-happiness-arising-from-dissociating-from-the-31-realms,PENDING,8335,0.1667,1.67%,
0093,TL.CC.006,07 - Three Levels of Practice,how-to-taste-nibbana,DONE,6815,0.1363,1.36%,
0094,KD.EE.003,03 - Key Dhamma Concepts,does-the-first-noble-truth-describe-only-suffering,PENDING,12747,0.2549,2.55%,
0096,KD.EE.004,03 - Key Dhamma Concepts,nibbana-exists-but-not-in-this-world,PENDING,15500,0.31,3.1%,
0097,KD.FF.001,03 - Key Dhamma Concepts,anicca-dukkha-anatta-2,PENDING,1312,0.0262,0.26%,
0098,KD.FF.002,03 - Key Dhamma Concepts,anicca-dukkha-anatta-distortion-timeline,PENDING,15421,0.3084,3.08%,
0099,KD.FF.003,03 - Key Dhamma Concepts,anicca-dukkha-anatta,PENDING,18204,0.3641,3.64%,
0100,HB.AA.018,14 - Historical Background,misinterpretation-of-anicca-and-anatta-by-early-european-scholars,PENDING,17491,0.3498,3.5%,
0101,KD.FF.004,03 - Key Dhamma Concepts,the-way-to-nibbana-transcription-of-a-discourse-by-waharaka-thero,PENDING,2108,0.0422,0.42%,
0102,KD.FF.005,03 - Key Dhamma Concepts,anicca-true-meaning,PENDING,546,0.0109,0.11%,
0103,KD.FF.006,03 - Key Dhamma Concepts,anicca-inability-to-keep-what-we-like,PENDING,12934,0.2587,2.59%,
0104,KD.FF.007,03 - Key Dhamma Concepts,anicca-repeated-arisingdestruction,PENDING,6343,0.1269,1.27%,
0105,KD.FF.008,03 - Key Dhamma Concepts,anicca-worthlessness-of-worldly-things,PENDING,11950,0.239,2.39%,
0106,KD.FF.009,03 - Key Dhamma Concepts,incesssant-distress-pilana,PENDING,11835,0.2367,2.37%,
0107,KD.FF.010,03 - Key Dhamma Concepts,how-to-cultivate-the-anicca-sanna,PENDING,9919,0.1984,1.98%,
0108,KD.FF.011,03 - Key Dhamma Concepts,how-to-cultivate-the-anicca-sanna-ii,PENDING,13076,0.2615,2.62%,
0109,KD.FF.012,03 - Key Dhamma Concepts,if-everything-is-anicca-should-we-just-give-up-everything,PENDING,6825,0.1365,1.36%,
0110,KD.FF.013,03 - Key Dhamma Concepts,anatta-systematic-analysis,PENDING,642,0.0128,0.13%,
0111,KD.FF.014,03 - Key Dhamma Concepts,anatta-no-soul-no-atma,PENDING,9070,0.1814,1.81%,
0112,KD.FF.015,03 - Key Dhamma Concepts,anatta-no-refuge-in-this-world,PENDING,12723,0.2545,2.54%,
0113,KD.FF.016,03 - Key Dhamma Concepts,dasa-akusala-and-anatta-the-critical-link,PENDING,10483,0.2097,2.1%,
0114,KD.FF.017,03 - Key Dhamma Concepts,anatta-opposite-of-which-atta,PENDING,8564,0.1713,1.71%,
0115,KD.FF.018,03 - Key Dhamma Concepts,anatta-no-unchanging-self,PENDING,8513,0.1703,1.7%,
0118,KD.FF.028,03 - Key Dhamma Concepts,31-realms-connection-to-jhana,PENDING,8346,0.1669,1.67%,
0119,KD.FF.029,03 - Key Dhamma Concepts,manomaya-kaya-of-arupavacara-brahma,PENDING,8200,0.164,1.64%,
0120,KD.FF.019,03 - Key Dhamma Concepts,anatta-why-the-concept-of-no-soul-could-be-as-bad-as-the-concept-of-a-soul,PENDING,11916,0.2383,2.38%,
0121,KD.FF.020,03 - Key Dhamma Concepts,tilakkhana-according-to-some-key-sutta,PENDING,14032,0.2806,2.81%,
0122,KD.FF.021,03 - Key Dhamma Concepts,tilakkhana-english-discourses,PENDING,3821,0.0764,0.76%,
0123,KD.FF.022,03 - Key Dhamma Concepts,sotapanna-stage-and-tilakkhana,PENDING,146,0.0029,0.03%,
0124,KD.FF.023,03 - Key Dhamma Concepts,sakkaya-ditthi-and-tilakkhana,PENDING,919,0.0184,0.18%,
0125,KD.FF.024,03 - Key Dhamma Concepts,sakkaya-ditthi-deeper-wrong-views,PENDING,13477,0.2695,2.7%,
0126,KD.FF.025,03 - Key Dhamma Concepts,associations-sevana-root-cause-of-wrong-views,PENDING,12670,0.2534,2.53%,
0127,KD.FF.026,03 - Key Dhamma Concepts,why-are-tilakkhana-not-included-in-37-factors-of-enlightenment,PENDING,11052,0.221,2.21%,
0128,KD.FF.027,03 - Key Dhamma Concepts,two-versions-of-37-factors-of-enlightenment,PENDING,10314,0.2063,2.06%,
0131,KD.GG.001,03 - Key Dhamma Concepts,gati-bhava-jati,PENDING,419,0.0084,0.08%,
0132,KD.GG.002,03 - Key Dhamma Concepts,namagotta-bhava-kamma-beeja-and-mano-loka-mind-plane,PENDING,9940,0.1988,1.99%,
0133,KD.GG.003,03 - Key Dhamma Concepts,gathi-bhava-many-varieties,PENDING,13610,0.2722,2.72%,
0134,KD.GG.004,03 - Key Dhamma Concepts,gathi-bhava-jati-ours-to-control,PENDING,11717,0.2343,2.34%,
0135,KD.GG.005,03 - Key Dhamma Concepts,memory-brain-mind-nama-loka-kamma-bhava-kamma-vipaka,PENDING,9861,0.1972,1.97%,
0136,KD.GG.006,03 - Key Dhamma Concepts,bhava-jati-states-of-existence-and-repeated-births-therein,PENDING,10171,0.2034,2.03%,
0137,KD.GG.007,03 - Key Dhamma Concepts,cuti-and-marana-related-to-bhava-and-jati,PENDING,10523,0.2105,2.1%,
0138,KD.GG.008,03 - Key Dhamma Concepts,anusaya-gati-bhava-connection-to-manomaya-kaya-gandhabba,PENDING,12221,0.2444,2.44%,
0139,PS.II.009,09 - Paṭicca Samuppāda,difference-between-tanha-and-upadana,PENDING,11340,0.2268,2.27%,
0140,KD.GG.009,03 - Key Dhamma Concepts,papa-kamma-versus-akusala-kamma,PENDING,11510,0.2302,2.3%,
0141,KD.HH.001,03 - Key Dhamma Concepts,key-pali-terms-tanha-lobha-dosa-moha,PENDING,667,0.0133,0.13%,
0142,KD.HH.002,03 - Key Dhamma Concepts,kama-tanha-bhava-tanha-vibhava-tanha,PENDING,6319,0.1264,1.26%,
0143,KD.HH.003,03 - Key Dhamma Concepts,tanha-how-we-attach-via-greed-hate-and-ignorance,PENDING,9173,0.1835,1.83%,
0144,KD.HH.004,03 - Key Dhamma Concepts,greed-kamachanda-kamaraga-lobha-raga,PENDING,5931,0.1186,1.19%,
0145,KD.HH.005,03 - Key Dhamma Concepts,lobha-dosa-moha-raga-patigha-avijja,PENDING,7284,0.1457,1.46%,
0146,LD.AA.006,04 - Living Dhamma,what-are-kilesa-mental-impurities-connection-to-cetasika,PENDING,13552,0.271,2.71%,
0147,KD.HH.006,03 - Key Dhamma Concepts,what-is-avijja-ignorance,PENDING,8661,0.1732,1.73%,
0148,TL.II.009,07 - Three Levels of Practice,two-types-of-vedana-feelings,DONE,12819,0.2564,2.56%,
0149,PS.JJ.003,09 - Paṭicca Samuppāda,anantara-samanantara-paccaya,PENDING,7719,0.1544,1.54%,
0150,KD.HH.007,03 - Key Dhamma Concepts,indriya-and-ayatana-big-difference,PENDING,10370,0.2074,2.07%,
0151,TL.EE.013,07 - Three Levels of Practice,hetu-phala-paccuppanna-and-paticca-samuppada,DONE,6432,0.1286,1.29%,
0152,TL.EE.009,07 - Three Levels of Practice,ditthi-wrong-views-samma-ditthi-correct-views,DONE,6391,0.1278,1.28%,
0153,KD.BB.007,03 - Key Dhamma Concepts,correct-meaning-of-vaci-sankhara,PENDING,15671,0.3134,3.13%,
0154,KD.HH.008,03 - Key Dhamma Concepts,panca-indriya-and-panca-bala-five-faculties-and-five-powers,PENDING,8210,0.1642,1.64%,
0155,KD.HH.009,03 - Key Dhamma Concepts,kamaccandha-and-icca-being-blinded-by-cravings,PENDING,8876,0.1775,1.78%,
0157,KD.II.001,03 - Key Dhamma Concepts,five-aggregates-pancakkhandha,PENDING,1702,0.034,0.34%,
0158,KD.II.002,03 - Key Dhamma Concepts,five-aggregates-introduction,PENDING,12544,0.2509,2.51%,
0159,KD.II.003,03 - Key Dhamma Concepts,difference-between-physical-rupa-and-rupakkhandha,PENDING,10428,0.2086,2.09%,
0160,KD.II.004,03 - Key Dhamma Concepts,rupakkhandha-and-rupa-upadanakkhandha,PENDING,10536,0.2107,2.11%,
0161,KD.II.005,03 - Key Dhamma Concepts,arising-of-five-aggregates,PENDING,17542,0.3508,3.51%,
0162,KD.II.006,03 - Key Dhamma Concepts,memory-records-critical-part-of-five-aggregates,PENDING,10712,0.2142,2.14%,
0163,KD.II.007,03 - Key Dhamma Concepts,panca-upadanakkhandha-introduction,PENDING,11386,0.2277,2.28%,
0164,KD.KK.001,03 - Key Dhamma Concepts,five-aggregates-connection-to-tilakkhana,PENDING,523,0.0105,0.1%,
0167,KD.II.008,03 - Key Dhamma Concepts,vinnana-defiled-consciousness,PENDING,9604,0.1921,1.92%,
0168,KD.II.009,03 - Key Dhamma Concepts,rupa-material-form,PENDING,5779,0.1156,1.16%,
0169,KD.II.010,03 - Key Dhamma Concepts,sensory-experience-pae1b9adicca-samuppada-and-pancupadanakkhandha,PENDING,13001,0.26,2.6%,
0170,KD.II.011,03 - Key Dhamma Concepts,two-aspects-of-sanna-beneficial-and-dangerous,PENDING,10962,0.2192,2.19%,
0171,KD.II.012,03 - Key Dhamma Concepts,overcoming-attachment-to-distorted-false-sanna-leads-to-nibbana,PENDING,11341,0.2268,2.27%,
0173,KD.KK.002,03 - Key Dhamma Concepts,five-aggregates-and-tilakkhana-introduction,PENDING,13323,0.2665,2.66%,
0174,KD.KK.003,03 - Key Dhamma Concepts,icca-nicca-anicca-important-connections,PENDING,15586,0.3117,3.12%,
0175,KD.KK.004,03 - Key Dhamma Concepts,me-and-mine-root-cause-of-suffering,PENDING,12960,0.2592,2.59%,
0176,KD.KK.005,03 - Key Dhamma Concepts,me-and-mine-and-sakkaya-ditthi,PENDING,12264,0.2453,2.45%,
0177,KD.KK.006,03 - Key Dhamma Concepts,sakkaya-ditthi-me-and-mine-view,PENDING,12769,0.2554,2.55%,
0178,KD.KK.007,03 - Key Dhamma Concepts,atta-two-very-different-meanings,PENDING,14715,0.2943,2.94%,
0179,KD.JJ.001,03 - Key Dhamma Concepts,nama-rupa-to-namarupa,PENDING,1083,0.0217,0.22%,
0180,KD.JJ.002,03 - Key Dhamma Concepts,vedana-and-samphassa-ja-vedana,PENDING,11096,0.2219,2.22%,
0181,KD.JJ.003,03 - Key Dhamma Concepts,does-bodily-pain-arise-only-due-to-kamma-vipaka,PENDING,14847,0.2969,2.97%,
0182,KD.JJ.004,03 - Key Dhamma Concepts,sanna-what-it-really-means,PENDING,12856,0.2571,2.57%,
0183,KD.JJ.005,03 - Key Dhamma Concepts,future-suffering-why-it-arises,PENDING,10402,0.208,2.08%,
0184,KD.JJ.006,03 - Key Dhamma Concepts,vipallasa-ditthi-sanna-citta,PENDING,13728,0.2746,2.75%,
0185,KD.BB.006,03 - Key Dhamma Concepts,sankhara-what-it-really-means,PENDING,13026,0.2605,2.61%,
0186,KD.JJ.007,03 - Key Dhamma Concepts,vinnana-what-it-really-means,PENDING,12078,0.2416,2.42%,
0187,KD.JJ.008,03 - Key Dhamma Concepts,kamma-vinnana-link-between-mind-and-matter,PENDING,9997,0.1999,2.0%,
0188,KD.JJ.009,03 - Key Dhamma Concepts,anidassana-vinnana-what-it-really-means,PENDING,15356,0.3071,3.07%,
0189,KD.JJ.010,03 - Key Dhamma Concepts,namarupa-in-vipaka-vinnae1b987a,PENDING,12189,0.2438,2.44%,
0190,KD.JJ.011,03 - Key Dhamma Concepts,namarupa-in-pae1b9adicca-samuppada,PENDING,10966,0.2193,2.19%,
0191,KD.JJ.012,03 - Key Dhamma Concepts,namarupa-different-types,PENDING,12210,0.2442,2.44%,
0193,KD.JJ.013,03 - Key Dhamma Concepts,kamma-vinnana-and-namarupa-paricceda-nana,PENDING,13090,0.2618,2.62%,
0194,KD.LL.001,03 - Key Dhamma Concepts,rupa-aggregate,PENDING,126,0.0025,0.03%,
0194,KD.LL.002,03 - Key Dhamma Concepts,bhuta-and-yathabhuta-what-do-they-really-mean,PENDING,14976,0.2995,3.0%,
0194,KD.LL.003,03 - Key Dhamma Concepts,what-are-rupa-dhamma-are-rupa-too-2,PENDING,12064,0.2413,2.41%,
0195,KD.AA.001,03 - Key Dhamma Concepts,pancakkhandha-or-five-aggregates-a-misinterpreted-concept,PENDING,17709,0.3542,3.54%,
0196,KD.AA.002,03 - Key Dhamma Concepts,pancupadanakkhandha-it-is-all-mental,PENDING,11711,0.2342,2.34%,
0197,LD.AA.000,04 - Living Dhamma,living-dhamma,PENDING,3875,0.0775,0.78%,
0198,LD.BB.001,04 - Living Dhamma,essential-buddhism,PENDING,695,0.0139,0.14%,
0199,LD.BB.002,04 - Living Dhamma,four-noble-truths,PENDING,12659,0.2532,2.53%,
0200,LD.BB.003,04 - Living Dhamma,citta-vedana-sanna-sankhara-vinnana,PENDING,13141,0.2628,2.63%,
0201,LD.BB.004,04 - Living Dhamma,vinnana-expectations-consciousness,PENDING,14259,0.2852,2.85%,
0202,LD.BB.005,04 - Living Dhamma,connection-between-sankhara-vinnana,PENDING,9431,0.1886,1.89%,
0203,LD.BB.006,04 - Living Dhamma,vinnana-sankhara-paticca-samuppada,PENDING,13503,0.2701,2.7%,
0204,LD.BB.007,04 - Living Dhamma,breath-meditation-addictive-harmful,PENDING,11839,0.2368,2.37%,
0205,LD.BB.008,04 - Living Dhamma,anapanasati-eliminate-mental-stress,PENDING,13544,0.2709,2.71%,
0206,LD.BB.009,04 - Living Dhamma,anapana-satipatthana-fundamentals,PENDING,7084,0.1417,1.42%,
0207,LD.BB.010,04 - Living Dhamma,sati-in-anapanasati-satipatthana,PENDING,13657,0.2731,2.73%,
0209,LD.AA.002,04 - Living Dhamma,living-dhamma-introduction,PENDING,13203,0.2641,2.64%,
0210,LD.AA.003,04 - Living Dhamma,peace-of-mind-to-nibbana-the-key-step,PENDING,12424,0.2485,2.48%,
0211,LD.AA.004,04 - Living Dhamma,starting-on-the-path-without-belief-in-rebirth,PENDING,2769,0.0554,0.55%,
0212,LD.CC.001,04 - Living Dhamma,dhamma-with-less-pali,PENDING,423,0.0085,0.08%,
0213,LD.CC.002,04 - Living Dhamma,buddha-dhamma-for-an-inquiring-mind-part-i,PENDING,12185,0.2437,2.44%,
0214,LD.CC.003,04 - Living Dhamma,root-of-all-suffering-ten-immoral-actions,PENDING,2137,0.0427,0.43%,
0215,LD.CC.004,04 - Living Dhamma,is-suffering-the-same-as-the-first-noble-truth-on-suffering,PENDING,11091,0.2218,2.22%,
0216,LD.CC.005,04 - Living Dhamma,complexity-of-mind-vinnana-sankhara,PENDING,7477,0.1495,1.5%,
0217,LD.CC.006,04 - Living Dhamma,dhamma-sankhara-sankata-rupa-vinnana-gati-asava-anusaya,PENDING,14389,0.2878,2.88%,
0218,AB.BB.007,13 - Abhidhamma,bhava-bhavanga-simply-explained,PENDING,10799,0.216,2.16%,
0219,LD.CC.007,04 - Living Dhamma,citta-mano-vinnana-nine-stages-of-mind-contamination,PENDING,17010,0.3402,3.4%,
0222,LD.AA.007,04 - Living Dhamma,suffering-in-this-life-role-of-mental-impurities,PENDING,1139,0.0228,0.23%,
0223,LD.AA.008,04 - Living Dhamma,satipattana-sutta-relevance-to-suffering-in-this-life,PENDING,1259,0.0252,0.25%,
0224,LD.AA.009,04 - Living Dhamma,how-are-gati-and-kilesa-incorporated-into-thoughts,PENDING,3701,0.074,0.74%,
0225,LD.AA.010,04 - Living Dhamma,noble-eightfold-path-role-of-sobhana-cetasika,PENDING,12915,0.2583,2.58%,
0226,LD.AA.011,04 - Living Dhamma,getting-to-samadhi,PENDING,1308,0.0262,0.26%,
0228,LD.DD.002,04 - Living Dhamma,micca-ditthi-connection-to-hethu-phala-cause-and-effect,PENDING,2233,0.0447,0.45%,
0229,LD.DD.003,04 - Living Dhamma,suffering-in-this-life-and-paticca-samuppada,PENDING,1968,0.0394,0.39%,
0230,LD.DD.004,04 - Living Dhamma,suffering-in-this-life-and-paticca-samuppada-ii,PENDING,2318,0.0464,0.46%,
0231,LD.EE.001,04 - Living Dhamma,transition-to-noble-eightfold-path,PENDING,267,0.0053,0.05%,
0232,LD.EE.002,04 - Living Dhamma,buddhist-needs-to-eliminate-sensual-desires,PENDING,12578,0.2516,2.52%,
0233,LD.EE.003,04 - Living Dhamma,sila-samadhi-panna-to-panna-sila-samadhi,PENDING,13473,0.2695,2.69%,
0234,PS.BB.009,09 - Paṭicca Samuppāda,six-root-causes-loka-samudaya-loka-nirodhaya,PENDING,9101,0.182,1.82%,
0235,LD.EE.004,04 - Living Dhamma,ye-dhamma-hetuppabhava-and-yam-kinci-samudaya-dhammam,PENDING,11653,0.2331,2.33%,
0236,LD.FF.001,04 - Living Dhamma,samadhi-jhana-magga-phala,PENDING,358,0.0072,0.07%,
0237,LD.FF.002,04 - Living Dhamma,samadhi-jhana-magga-phala-introduction,PENDING,10953,0.2191,2.19%,
0238,LD.FF.003,04 - Living Dhamma,vitakka-vicara-savitakka-savicara-avitakka-avicara,PENDING,10783,0.2157,2.16%,
0239,LD.FF.004,04 - Living Dhamma,jhanic-experience-details,PENDING,9762,0.1952,1.95%,
0240,LD.FF.005,04 - Living Dhamma,ascendance-to-nibbana-via-jhana-dhyana,PENDING,14913,0.2983,2.98%,
0241,LD.FF.006,04 - Living Dhamma,pannavimutti-arahanthood-without-jhana,PENDING,11614,0.2323,2.32%,
0242,LD.FF.007,04 - Living Dhamma,mundane-supramundane-jhana,PENDING,19017,0.3803,3.8%,
0243,LD.FF.008,04 - Living Dhamma,nirodha-samapatti-phala-samapatti-jhana-and-jhana-samapatti,PENDING,15695,0.3139,3.14%,
0244,LD.GG.001,04 - Living Dhamma,mental-body-gandhabba,PENDING,492,0.0098,0.1%,
0245,LD.GG.002,04 - Living Dhamma,our-mental-body-gandhabba,PENDING,15973,0.3195,3.19%,
0246,LD.GG.003,04 - Living Dhamma,gandhabba-state-tipitaka-evidence,PENDING,17599,0.352,3.52%,
0247,LD.GG.004,04 - Living Dhamma,antarabhava-and-gandhabba,PENDING,176,0.0035,0.04%,
0248,LD.GG.005,04 - Living Dhamma,anantarika-kamma-gandhabba,PENDING,13090,0.2618,2.62%,
0249,LD.GG.006,04 - Living Dhamma,mental-body-gandhabba-personal-accounts,PENDING,7432,0.1486,1.49%,
0250,LD.GG.007,04 - Living Dhamma,abnormal-births-due-to-gandhabba-transformations,PENDING,9467,0.1893,1.89%,
0251,LD.GG.008,04 - Living Dhamma,ahara-food-for-the-mental-body,PENDING,16003,0.3201,3.2%,
0252,LD.GG.009,04 - Living Dhamma,miccha-ditthi-gandhabba-sotapanna-stage,PENDING,12415,0.2483,2.48%,
0253,LD.GG.010,04 - Living Dhamma,working-of-kamma-critical-role-of-conditions,PENDING,9997,0.1999,2.0%,
0273,IS.CC.006,10 - Is There a “Self”?,do-i-have-a-mind-that-is-fixed-and-mine,PENDING,12936,0.2587,2.59%,
0276,DS.AA.000,05 - Dhamma and Science,dhamma-and-science,PENDING,245,0.0049,0.05%,
0277,DS.AA.001,05 - Dhamma and Science,dhamma-and-science-introduction,PENDING,8651,0.173,1.73%,
0278,DS.AA.002,05 - Dhamma and Science,dhamma-and-science,PENDING,245,0.0049,0.05%,
0279,DS.BB.001,05 - Dhamma and Science,origin-of-life,PENDING,2789,0.0558,0.56%,
0280,DS.BB.002,05 - Dhamma and Science,origin-of-life-no-traceable-origin,PENDING,13832,0.2766,2.77%,
0281,DS.BB.003,05 - Dhamma and Science,human-life-gandhabba-and-cell,PENDING,11803,0.2361,2.36%,
0282,DS.BB.004,05 - Dhamma and Science,clarification-of-mental-body-and-physical-body,PENDING,13345,0.2669,2.67%,
0283,DS.BB.005,05 - Dhamma and Science,four-types-of-births-in-buddhism,PENDING,12440,0.2488,2.49%,
0284,DS.BB.006,05 - Dhamma and Science,conception-abortion-contraception-buddha-dhamma,PENDING,10772,0.2154,2.15%,
0285,DS.BB.007,05 - Dhamma and Science,cloning-and-gandhabba,PENDING,12278,0.2456,2.46%,
0286,DS.BB.008,05 - Dhamma and Science,origin-of-living-cell,PENDING,11949,0.239,2.39%,
0287,DS.BB.009,05 - Dhamma and Science,mystical-phenomena-in-buddhism,PENDING,13707,0.2741,2.74%,
0288,DS.CC.001,05 - Dhamma and Science,views-on-life,PENDING,1932,0.0386,0.39%,
0289,DS.CC.002,05 - Dhamma and Science,wrong-view-of-life-materialism,PENDING,10870,0.2174,2.17%,
0290,DS.CC.003,05 - Dhamma and Science,wrong-view-of-creationism-part-1,PENDING,8594,0.1719,1.72%,
0291,DS.CC.004,05 - Dhamma and Science,wrong-view-of-creationism-part-2,PENDING,11771,0.2354,2.35%,
0292,DS.DD.001,05 - Dhamma and Science,worldview-of-the-buddha,PENDING,3002,0.06,0.6%,
0293,DS.DD.002,05 - Dhamma and Science,buddhist-worldview,PENDING,11272,0.2254,2.25%,
0294,DS.DD.003,05 - Dhamma and Science,mind-pleasing-things-in-the-world-arise-via-pae1b9adicca-samuppada,PENDING,12934,0.2587,2.59%,
0295,DS.DD.004,05 - Dhamma and Science,sensory-inputs-initiate-creation-of-the-world-loka-samudaya,PENDING,13790,0.2758,2.76%,
0296,DS.DD.005,05 - Dhamma and Science,sandie1b9ade1b9adhiko-what-does-it-mean,PENDING,17074,0.3415,3.41%,
0297,DS.DD.006,05 - Dhamma and Science,a-sensory-input-triggers-distorted-sanna-and-pancupadanakkhandha,PENDING,13717,0.2743,2.74%,
0298,DS.DD.007,05 - Dhamma and Science,kama-sanna-how-to-bypass-to-cultivate-satipae1b9ade1b9adhana,PENDING,13490,0.2698,2.7%,
0300,DS.DD.009,05 - Dhamma and Science,loka-and-nibbana-aloka-complete-overview,PENDING,14533,0.2907,2.91%,
0301,DS.EE.001,05 - Dhamma and Science,contact-between-ayatana-leads-to-vipaka-vinnana,PENDING,991,0.0198,0.2%,
0302,DS.EE.002,05 - Dhamma and Science,how-do-sense-faculties-become-internal-ayatana,PENDING,14404,0.2881,2.88%,
0303,DS.EE.003,05 - Dhamma and Science,indriya-make-phassa-and-ayatana-make-samphassa,PENDING,12851,0.257,2.57%,
0304,IS.CC.002,10 - Is There a “Self”?,citta-basis-of-experience-actions,PENDING,12728,0.2546,2.55%,
0305,IS.CC.003,10 - Is There a “Self”?,vipaka-vedana-samphassa-ja-vedana,PENDING,14129,0.2826,2.83%,
0306,IS.CC.004,10 - Is There a “Self”?,kama-guna-origin-of-attachment-tanha,PENDING,15543,0.3109,3.11%,
0307,IS.CC.005,10 - Is There a “Self”?,vision-is-a-series-of-snapshots-movie-analogy,PENDING,14370,0.2874,2.87%,
0308,IS.CC.007,10 - Is There a “Self”?,chachakka-sutta-six-types-of-vipaka-vinnana,PENDING,17351,0.347,3.47%,
0309,IS.CC.008,10 - Is There a “Self”?,sakkaya-ditthi-in-terms-of-atta-self-atma,PENDING,16306,0.3261,3.26%,
0310,IS.CC.009,10 - Is There a “Self”?,an-apparent-self-involved-in-kamma-generation,PENDING,17311,0.3462,3.46%,
0311,DS.FF.001,05 - Dhamma and Science,paticca-samuppada-not-self-or-no-self,PENDING,631,0.0126,0.13%,
0312,DS.FF.002,05 - Dhamma and Science,tanha-origin-of-suffering,PENDING,8300,0.166,1.66%,
0313,DS.FF.003,05 - Dhamma and Science,paticca-samuppada-self-exists-due-to-avijja,PENDING,11882,0.2376,2.38%,
0314,DS.FF.004,05 - Dhamma and Science,kamma-sankhara-abhisankhara-intention,PENDING,11413,0.2283,2.28%,
0315,DS.FF.005,05 - Dhamma and Science,vaci-sankhara-sankappa-conscious-thoughts-and-vaca-speech,PENDING,15446,0.3089,3.09%,
0316,DS.FF.006,05 - Dhamma and Science,tanha-paccaya-upadana,PENDING,13064,0.2613,2.61%,
0317,DS.FF.007,05 - Dhamma and Science,moha-avijja-and-vipaka-vinnana-kamma-vinnana,PENDING,11460,0.2292,2.29%,
0318,DS.FF.008,05 - Dhamma and Science,iccha-cravings-lead-to-upadana-to-suffering,PENDING,12884,0.2577,2.58%,
0319,DS.FF.009,05 - Dhamma and Science,dhamma-kamma-sankhara-mind-critical-connections,PENDING,15032,0.3006,3.01%,
0320,DS.FF.010,05 - Dhamma and Science,paticca-samuppada-mind-to-matter,PENDING,10980,0.2196,2.2%,
0322,PS.DD.002,09 - Paṭicca Samuppāda,kamma-and-paticca-samuppada-introduction,PENDING,12171,0.2434,2.43%,
0323,PS.DD.006,09 - Paṭicca Samuppāda,kama-assada-a-root-cause-of-suffering,PENDING,12386,0.2477,2.48%,
0324,PS.DD.007,09 - Paṭicca Samuppāda,gati-determine-births,PENDING,12829,0.2566,2.57%,
0326,DS.HH.002,05 - Dhamma and Science,ghost-1990-movie-good-depiction-of-gandhabba-concept,PENDING,15352,0.307,3.07%,
0327,DS.HH.003,05 - Dhamma and Science,mental-body-versus-physical-body,PENDING,12094,0.2419,2.42%,
0328,HB.AA.008,14 - Historical Background,tipitaka-english-convention-part-1,PENDING,10881,0.2176,2.18%,
0329,HB.AA.009,14 - Historical Background,tipitaka-english-convention-part-2,PENDING,8857,0.1771,1.77%,
0331,DS.II.002,05 - Dhamma and Science,framework-of-buddha-dhamma,PENDING,13838,0.2768,2.77%,
0332,DS.II.003,05 - Dhamma and Science,first-noble-truth-suffering-dukkha,PENDING,14261,0.2852,2.85%,
0333,DS.II.004,05 - Dhamma and Science,dangers-of-wrong-views,PENDING,13642,0.2728,2.73%,
0334,DS.II.005,05 - Dhamma and Science,samma-ditthi-two-types,PENDING,12824,0.2565,2.56%,
0335,DS.II.006,05 - Dhamma and Science,fear-of-nibbana-enlightenment,PENDING,12703,0.2541,2.54%,
0336,DS.BB.010,05 - Dhamma and Science,origin-of-life-connection-to-dhamma,PENDING,17437,0.3487,3.49%,
0337,DS.JJ.001,05 - Dhamma and Science,consciousness-a-dhamma-perspective,PENDING,198,0.004,0.04%,
0338,DS.JJ.002,05 - Dhamma and Science,what-is-consciousness,PENDING,6371,0.1274,1.27%,
0339,DS.JJ.003,05 - Dhamma and Science,what-happens-in-other-dimensions,PENDING,4795,0.0959,0.96%,
0340,DS.JJ.004,05 - Dhamma and Science,six-kinds-of-consciousness-in-our-3-d-world,PENDING,7812,0.1562,1.56%,
0341,DS.JJ.005,05 - Dhamma and Science,expanding-consciousness-by-using-technology,PENDING,1819,0.0364,0.36%,
0342,DS.JJ.006,05 - Dhamma and Science,expanding-consciousness-by-purifying-the-mind,PENDING,13591,0.2718,2.72%,
0343,DS.KK.001,05 - Dhamma and Science,buddhism-consistencies-with-science,PENDING,368,0.0074,0.07%,
0344,DS.KK.002,05 - Dhamma and Science,second-law-of-thermodynamics-is-part-of-anicca,PENDING,5655,0.1131,1.13%,
0345,DS.KK.003,05 - Dhamma and Science,quantum-entanglement-we-are-all-connected,PENDING,9019,0.1804,1.8%,
0346,DS.KK.004,05 - Dhamma and Science,infinity-how-big-is-it,PENDING,7605,0.1521,1.52%,
0347,DS.KK.005,05 - Dhamma and Science,godels-incompleteness-theorem,PENDING,9903,0.1981,1.98%,
0348,DS.KK.006,05 - Dhamma and Science,triune-brain-how-the-mind-rewires-the-brain-via-meditation,PENDING,8680,0.1736,1.74%,
0349,DS.KK.007,05 - Dhamma and Science,how-habits-are-formed-scientific-view,PENDING,11114,0.2223,2.22%,
0350,DS.KK.008,05 - Dhamma and Science,buddhism-inconsistencies-with-science,PENDING,1966,0.0393,0.39%,
0351,AB.FF.002,13 - Abhidhamma,neuroscience-says-there-is-no-free-will-that-is-a-misinterpretation,PENDING,8767,0.1753,1.75%,
0352,AB.FF.003,13 - Abhidhamma,the-double-slit-experiment,PENDING,9182,0.1836,1.84%,
0353,AB.FF.004,13 - Abhidhamma,vision-cakkhu-vinnana-is-not-just-seeing,PENDING,11274,0.2255,2.25%,
0355,SI.AA.010,17 - Sutta Interpretations,buddhist-cosmology-agganna-sutta,PENDING,16521,0.3304,3.3%,
0358,ER.AA.000,06 - Elephants in the Room,elephants-in-the-room,PENDING,822,0.0164,0.16%,
0359,ER.BB.001,06 - Elephants in the Room,elephant-in-the-room-1-direct-translation-of-the-tipitaka,PENDING,245,0.0049,0.05%,
0360,PS.GG.002,09 - Paṭicca Samuppāda,distortion-of-pali-keywords-in-paticca-samuppada,PENDING,14209,0.2842,2.84%,
0364,ER.CC.002,06 - Elephants in the Room,idappaccayata-paticca-samuppada-bhava-and-jati-within-a-lifetime,PENDING,12936,0.2587,2.59%,
0365,ER.CC.003,06 - Elephants in the Room,change-of-mindset-due-to-an-arammana,PENDING,9621,0.1924,1.92%,
0366,ER.CC.004,06 - Elephants in the Room,khandha-in-idappaccayata-paticca-samuppada,PENDING,12855,0.2571,2.57%,
0367,ER.CC.005,06 - Elephants in the Room,seeing-is-a-series-of-snapshots,PENDING,12001,0.24,2.4%,
0369,ER.CC.006,06 - Elephants in the Room,aggregate-of-forms-collection-of-mental-impressions-of-forms,PENDING,11501,0.23,2.3%,
0370,ER.CC.007,06 - Elephants in the Room,rupakkhandha-in-idappaccayata-paticca-samuppada,PENDING,13066,0.2613,2.61%,
0371,ER.CC.008,06 - Elephants in the Room,five-aggregates-experiences-of-each-sentient-being,PENDING,10645,0.2129,2.13%,
0372,ER.CC.009,06 - Elephants in the Room,pancupadanakkhandha-attachment-to-ones-experiences,PENDING,10526,0.2105,2.11%,
0373,ER.CC.010,06 - Elephants in the Room,noble-truth-of-suffering-pancupadanakkhandha-dukkha,PENDING,11289,0.2258,2.26%,
0374,ER.CC.011,06 - Elephants in the Room,sakkaya-ditthi-and-pancupadanakkhandha,PENDING,12612,0.2522,2.52%,
0375,ER.CC.012,06 - Elephants in the Room,bhava-and-jati-within-a-lifetime-example,PENDING,10756,0.2151,2.15%,
0376,ER.DD.001,06 - Elephants in the Room,often-mistranslated-pali-keywords,PENDING,62,0.0012,0.01%,YES
0377,ER.DD.002,06 - Elephants in the Room,raga-and-jhana-two-commonly-misunderstood-words,PENDING,13338,0.2668,2.67%,
0378,ER.EE.001,06 - Elephants in the Room,elephant-in-the-room-2-jhana-and-kasina,PENDING,255,0.0051,0.05%,
0379,ER.EE.002,06 - Elephants in the Room,janato-passato-and-ajaniya-critical-words-to-remember,PENDING,12149,0.243,2.43%,
0380,ER.EE.003,06 - Elephants in the Room,samadhi-jhana-and-samma-samadhi,PENDING,13910,0.2782,2.78%,
0381,ER.EE.004,06 - Elephants in the Room,jhana-jhaya-and-jhayi-different-meanings,PENDING,15853,0.3171,3.17%,
0382,ER.EE.005,06 - Elephants in the Room,jhana-finer-details,PENDING,12709,0.2542,2.54%,
0383,ER.EE.006,06 - Elephants in the Room,samma-samadhi-how-to-define-it,PENDING,16625,0.3325,3.33%,
0384,ER.EE.007,06 - Elephants in the Room,ariya-jhana-and-anariya-jhana-main-differences,PENDING,18536,0.3707,3.71%,
0385,ER.FF.001,06 - Elephants in the Room,elephant-in-the-room-3-anapanasati,PENDING,161,0.0032,0.03%,
0386,ER.FF.002,06 - Elephants in the Room,anapanasati-overview,PENDING,14347,0.2869,2.87%,
0387,ER.FF.003,06 - Elephants in the Room,assasa-passasa-what-do-they-mean,PENDING,13640,0.2728,2.73%,
0388,ER.FF.004,06 - Elephants in the Room,anapanasati-not-about-breath-icchanae1b985gala-sutta,PENDING,10904,0.2181,2.18%,
0389,ER.FF.005,06 - Elephants in the Room,maharahulovada-sutta-and-anapanasati,PENDING,15084,0.3017,3.02%,
0390,ER.GG.001,06 - Elephants in the Room,elephant-in-the-room-4-gandhabba-manomaya-kaya,PENDING,45,0.0009,0.01%,YES
0391,ER.GG.002,06 - Elephants in the Room,does-gandhabba-mean-semen,PENDING,12784,0.2557,2.56%,
0392,TL.AA.000,07 - Three Levels of Practice,three-levels-of-practice,DONE,278,0.0056,0.06%,
0393,TL.BB.000,07 - Three Levels of Practice,moral-living-and-fundamentals,DONE,1903,0.0381,0.38%,
0394,TL.BB.001,07 - Three Levels of Practice,the-basics,DONE,334,0.0067,0.07%,
0395,TL.BB.002,07 - Three Levels of Practice,let-us-make-a-better-world,DONE,2725,0.0545,0.55%,
0396,TL.BB.003,07 - Three Levels of Practice,law-of-attraction-habits-gathi-and-cravings-asavas,DONE,10105,0.2021,2.02%,
0397,TL.BB.004,07 - Three Levels of Practice,how-to-remove-bad-habits,DONE,5307,0.1061,1.06%,
0398,TL.BB.005,07 - Three Levels of Practice,miccha-ditthi-simpler-analysis,DONE,12739,0.2548,2.55%,
0399,TL.BB.006,07 - Three Levels of Practice,four-noble-truths-recipe-for-problem-solving,DONE,14653,0.2931,2.93%,
0400,TL.BB.007,07 - Three Levels of Practice,first-noble-truth-a-simple-explanation-of-one-aspect,DONE,7772,0.1554,1.55%,
0401,TL.BB.008,07 - Three Levels of Practice,difference-between-a-wish-and-a-determination-paramita,DONE,5832,0.1166,1.17%,
0403,TL.CC.002,07 - Three Levels of Practice,key-to-calming-the-mind-five-hindrances,DONE,10403,0.2081,2.08%,
0404,TL.CC.003,07 - Three Levels of Practice,solution-to-a-wandering-mind-abandon-everything,DONE,5759,0.1152,1.15%,
0405,TL.CC.004,07 - Three Levels of Practice,right-speech,DONE,4466,0.0893,0.89%,
0406,TL.CC.005,07 - Three Levels of Practice,three-kinds-of-happiness,DONE,5704,0.1141,1.14%,
0408,TL.CC.007,07 - Three Levels of Practice,learning-buddha-dhamma-leads-to-niramisa-sukha,DONE,10761,0.2152,2.15%,
0409,TL.CC.008,07 - Three Levels of Practice,need-to-experience-suffering-in-order-to-understand-it,DONE,5931,0.1186,1.19%,
0410,TL.CC.009,07 - Three Levels of Practice,does-impermanence-lead-to-suffering,DONE,8062,0.1612,1.61%,
0411,TL.DD.001,07 - Three Levels of Practice,buddha-dhamma-and-buddhism,DONE,294,0.0059,0.06%,
0412,TL.DD.002,07 - Three Levels of Practice,what-is-unique-in-buddha-dhamma,DONE,11767,0.2353,2.35%,
0413,TL.DD.003,07 - Three Levels of Practice,a-buddhist-or-a-bhouddhaya,DONE,9196,0.1839,1.84%,
0414,TL.DD.004,07 - Three Levels of Practice,where-to-start-on-the-path,DONE,7551,0.151,1.51%,
0415,PS.FF.003,09 - Paṭicca Samuppāda,what-reincarnates-concept-of-a-lifestream,DONE,10329,0.2066,2.07%,
0416,TL.DD.005,07 - Three Levels of Practice,recent-evidence-for-unbroken-memory-records-hsam,DONE,6997,0.1399,1.4%,
0417,TL.DD.006,07 - Three Levels of Practice,buddhism-without-rebirth-and-nibbana,DONE,14657,0.2931,2.93%,
0418,TL.DD.007,07 - Three Levels of Practice,self-and-no-self-simple-analysis,DONE,12555,0.2511,2.51%,
0419,AB.CC.002,13 - Abhidhamma,what-is-mind-how-do-we-experience-the-outside-world,PENDING,10721,0.2144,2.14%,
0420,TL.EE.001,07 - Three Levels of Practice,dhamma-concepts,DONE,536,0.0107,0.11%,
0421,TL.EE.002,07 - Three Levels of Practice,kilesa-relationship-to-akusala-kusala-and-punna-kamma,DONE,10017,0.2003,2.0%,
0422,TL.EE.003,07 - Three Levels of Practice,ten-immoral-actions-dasa-akusala,DONE,13594,0.2719,2.72%,
0423,TL.EE.004,07 - Three Levels of Practice,punna-kamma-dana-sila-bhavana,DONE,7076,0.1415,1.42%,
0424,TL.EE.005,07 - Three Levels of Practice,the-five-precepts-what-the-buddha-meant-by-them,DONE,10431,0.2086,2.09%,
0425,TL.EE.006,07 - Three Levels of Practice,what-is-kamma-is-everything-determined-by-kamma,DONE,11756,0.2351,2.35%,
0426,TL.EE.007,07 - Three Levels of Practice,how-to-evaluate-weights-of-different-kammas,DONE,8481,0.1696,1.7%,
0427,TL.EE.008,07 - Three Levels of Practice,details-of-kamma-intention-who-is-affected-kamma-patha,DONE,12091,0.2418,2.42%,
0429,TL.EE.010,07 - Three Levels of Practice,account-of-angulimala-insights,DONE,13527,0.2705,2.71%,
0430,TL.EE.011,07 - Three Levels of Practice,the-four-factors-of-accomplishment,DONE,5125,0.1025,1.03%,
0431,TL.EE.012,07 - Three Levels of Practice,why-is-it-necessary-to-learn-key-pali-words,DONE,9145,0.1829,1.83%,
0432,AB.BB.003,13 - Abhidhamma,amazingly-fast-time-evolution-of-a-thought-citta,PENDING,12985,0.2597,2.6%,
0434,TL.FF.001,07 - Three Levels of Practice,buddha-dhamma-and-morality,DONE,256,0.0051,0.05%,
0435,TL.FF.002,07 - Three Levels of Practice,origin-of-morality-and-immorality-in-buddhism,DONE,5329,0.1066,1.07%,
0437,TL.FF.003,07 - Three Levels of Practice,is-eating-meat-an-akusala-kamma-immoral-deed,DONE,14569,0.2914,2.91%,
0438,TL.FF.004,07 - Three Levels of Practice,do-things-just-happen-the-hidden-causes,DONE,8636,0.1727,1.73%,
0439,TL.FF.005,07 - Three Levels of Practice,craving-for-pornography-how-to-reduce-the-tendency,DONE,12356,0.2471,2.47%,
0440,TL.GG.001,07 - Three Levels of Practice,working-towards-good-rebirths,DONE,578,0.0116,0.12%,
0441,TL.GG.002,07 - Three Levels of Practice,samsaric-habits-and-asawas,DONE,6504,0.1301,1.3%,
0442,TL.GG.003,07 - Three Levels of Practice,complexity-of-life,DONE,4459,0.0892,0.89%,
0443,TL.GG.004,07 - Three Levels of Practice,rebirth-connection-to-suffering-in-the-first-noble-truth,DONE,13646,0.2729,2.73%,
0444,TL.GG.005,07 - Three Levels of Practice,how-buddha-described-chance-of-human-rebirth-in-suttas,DONE,12387,0.2477,2.48%,
0445,TL.GG.006,07 - Three Levels of Practice,how-to-avoid-birth-in-the-apayas,DONE,4652,0.093,0.93%,
0446,TL.GG.007,07 - Three Levels of Practice,kamma-debt-and-meditation,DONE,7233,0.1447,1.45%,
0447,TL.GG.008,07 - Three Levels of Practice,how-do-we-decide-which-view-is-wrong-view-ditthi,DONE,12106,0.2421,2.42%,
0448,TL.GG.009,07 - Three Levels of Practice,three-kinds-of-ditthi-eightfold-paths-and-samadhi,DONE,9902,0.198,1.98%,
0449,TL.GG.010,07 - Three Levels of Practice,implications-of-the-rebirth-process-in-daily-life-society-and-in-politics,DONE,5656,0.1131,1.13%,
0450,TL.GG.011,07 - Three Levels of Practice,buddha-dhamma-creator-satan-angels-demons,DONE,10572,0.2114,2.11%,
0451,TL.GG.012,07 - Three Levels of Practice,patisandhi-citta-next-life-determined-according-to-gati,DONE,6314,0.1263,1.26%,
0452,TL.HH.001,07 - Three Levels of Practice,seeking-nibbana,DONE,1763,0.0353,0.35%,
0453,TL.HH.002,07 - Three Levels of Practice,attha-purisa-puggala,DONE,13930,0.2786,2.79%,
0454,TL.HH.003,07 - Three Levels of Practice,asava-anusaya-gati,DONE,12610,0.2522,2.52%,
0455,TL.HH.004,07 - Three Levels of Practice,nibbana-removal-of-asavas,DONE,7704,0.1541,1.54%,
0456,TL.HH.005,07 - Three Levels of Practice,kanha-papa-sukka-punna-kamma-kammakkhaya,DONE,13083,0.2617,2.62%,
0457,TL.HH.006,07 - Three Levels of Practice,dasa-samyojana-bonds-in-rebirth-process,DONE,14488,0.2898,2.9%,
0458,TL.HH.007,07 - Three Levels of Practice,the-cooling-down-process-nibbana-how-the-root-causes-are-removed,DONE,11606,0.2321,2.32%,
0459,TL.HH.008,07 - Three Levels of Practice,why-the-correct-interpretation-of-anicca-dukkha-anatta-so-important,DONE,6679,0.1336,1.34%,
0460,TL.HH.009,07 - Three Levels of Practice,how-to-cultivate-the-noble-eightfold-path-starting-with-anicca-dukkha-anatta,DONE,11666,0.2333,2.33%,
0461,TL.HH.010,07 - Three Levels of Practice,akusala-citta-how-a-sotapanna-avoids-apayagami-citta,DONE,8230,0.1646,1.65%,
0462,TL.HH.011,07 - Three Levels of Practice,difference-between-giving-up-valuables-and-losing-interest-in-worthless,DONE,11313,0.2263,2.26%,
0463,TL.II.001,07 - Three Levels of Practice,sotapanna-stage-of-nibbana,DONE,1348,0.027,0.27%,
0464,TL.II.002,07 - Three Levels of Practice,sotapanna-stage-via-understanding-perception-sanna,DONE,1135,0.0227,0.23%,
0470,TL.II.005,07 - Three Levels of Practice,sotapanna-stage-and-distorted-sanna,DONE,13142,0.2628,2.63%,
0471,TL.II.006,07 - Three Levels of Practice,pabhassara-citta-and-sanna-vipallasa,DONE,14157,0.2831,2.83%,
0472,TL.II.007,07 - Three Levels of Practice,mulapariyaya-sutta-the-root-of-all-things,DONE,26813,0.5363,5.36%,
0473,TL.II.008,07 - Three Levels of Practice,fooled-by-distorted-sanna-sanjanati-origin-of-attachment-tae1b987ha,DONE,15013,0.3003,3.0%,
0475,TL.II.010,07 - Three Levels of Practice,kama-raga-arises-due-to-distorted-sanna,DONE,10948,0.219,2.19%,
0476,TL.II.011,07 - Three Levels of Practice,distorted-sanna-arises-in-every-adult-but-not-in-a-newborn,DONE,12664,0.2533,2.53%,
0477,TL.II.012,07 - Three Levels of Practice,purana-and-nava-kamma-sequence-of-kamma-generation,DONE,21701,0.434,4.34%,
0479,TL.II.013,07 - Three Levels of Practice,sanna-nidana-hi-papanca-sae1b985kha-immoral-thoughts-based-on-distorted-sanna,DONE,13742,0.2748,2.75%,
0480,TL.II.014,07 - Three Levels of Practice,kalahavivada-sutta-origin-of-fights-and-disputes,DONE,13026,0.2605,2.61%,
0484,TL.JJ.003,07 - Three Levels of Practice,the-sotapanna-stage,DONE,12579,0.2516,2.52%,
0485,TL.JJ.004,07 - Three Levels of Practice,why-a-sotapanna-is-better-off-than-any-king-emperor-deva-or-brahma,DONE,14298,0.286,2.86%,
0486,TL.JJ.005,07 - Three Levels of Practice,myths-about-the-sotapanna-stage,DONE,11541,0.2308,2.31%,
0487,PS.AA.007,09 - Paṭicca Samuppāda,patiloma-paticca-samuppada,PENDING,8919,0.1784,1.78%,
0488,TL.JJ.006,07 - Three Levels of Practice,sotapanna-anugami-and-sotapanna,DONE,14529,0.2906,2.91%,
0489,TL.JJ.007,07 - Three Levels of Practice,sotapanna-anugami-no-births-in-the-apaya,DONE,13890,0.2778,2.78%,
0490,TL.JJ.008,07 - Three Levels of Practice,four-conditions-for-attaining-sotapanna-magga-phala,DONE,20582,0.4116,4.12%,
0491,TL.JJ.009,07 - Three Levels of Practice,sotapatti-anga,DONE,13290,0.2658,2.66%,
0492,TL.JJ.010,07 - Three Levels of Practice,samma-ditthi-truth-realization,DONE,11546,0.2309,2.31%,
0493,TL.KK.001,07 - Three Levels of Practice,assada-adinava-nissarana,PENDING,340,0.0068,0.07%,
0494,TL.KK.002,07 - Three Levels of Practice,assada-adinava-nissarana-introduction,PENDING,13918,0.2784,2.78%,
0495,TL.KK.003,07 - Three Levels of Practice,how-perceived-pleasures-assada-lead-to-dukkha,PENDING,11264,0.2253,2.25%,
0496,BA.AA.002,22 - Buddha Dhamma – Advanced,kama-raga-dominates-rupa-raga-and-arupa-raga,PENDING,12610,0.2522,2.52%,
0498,PS.KK.002,09 - Paṭicca Samuppāda,feelings-sukha-dukha-somanassa-and-domanassa,PENDING,12218,0.2444,2.44%,
0499,PS.BB.004,09 - Paṭicca Samuppāda,what-is-kama-it-is-not-sex,PENDING,12064,0.2413,2.41%,
0500,TL.KK.004,07 - Three Levels of Practice,kama-asvada-phassa-paccaya-vedana-samphassa-ja-vedana,PENDING,12195,0.2439,2.44%,
0501,TL.JJ.011,07 - Three Levels of Practice,verify-sotapanna-stage,DONE,18053,0.3611,3.61%,
0503,TL.JJ.012,07 - Three Levels of Practice,only-akusala-removed-by-sotapanna,DONE,14517,0.2903,2.9%,
0504,TL.LL.001,07 - Three Levels of Practice,udayavaya-nana,PENDING,261,0.0052,0.05%,
0505,TL.LL.002,07 - Three Levels of Practice,udayavaya-nana-introduction,DONE,4566,0.0913,0.91%,
0506,TL.LL.003,07 - Three Levels of Practice,nibbatti-lakkhana-in-udayavaya-nana,DONE,11844,0.2369,2.37%,
0507,TL.LL.004,07 - Three Levels of Practice,ahara-food-in-udayavaya-nana,DONE,9489,0.1898,1.9%,
0508,TL.LL.005,07 - Three Levels of Practice,udayavaya-nana-importance-of-the-cittaja-kaya,DONE,13427,0.2685,2.69%,
0511,BM.AA.014,12 - Bhāvanā (Meditation),12-key-factors-to-be-considered-when-meditating-for-the-sotapanna-stage,PENDING,14211,0.2842,2.84%,
0513,AB.GG.002,13 - Abhidhamma,immoral-deeds-ditthi-is-key,PENDING,13450,0.269,2.69%,
0514,AB.GG.003,13 - Abhidhamma,key-to-sotapanna-stage-ditthi-and-vicikicca,PENDING,13018,0.2604,2.6%,
0515,TS.AA.000,08 - Tables and Summaries,tables-and-summaries,PENDING,367,0.0073,0.07%,
0516,TS.AA.001,08 - Tables and Summaries,pali-glossary-a-k,PENDING,1847,0.0369,0.37%,
0517,TS.AA.002,08 - Tables and Summaries,pali-glossary-l-z,PENDING,1848,0.037,0.37%,
0518,TS.AA.003,08 - Tables and Summaries,list-of-san-words-and-other-pali-roots,PENDING,3816,0.0763,0.76%,
0519,TS.AA.004,08 - Tables and Summaries,89-or-121-citta,PENDING,8660,0.1732,1.73%,
0520,TS.AA.005,08 - Tables and Summaries,cetasika-mental-factors,PENDING,6164,0.1233,1.23%,
0521,TS.AA.006,08 - Tables and Summaries,rupa-material-form,PENDING,5779,0.1156,1.16%,
0522,TS.AA.007,08 - Tables and Summaries,rupa-generation-mechanisms,PENDING,2439,0.0488,0.49%,
0523,TS.AA.008,08 - Tables and Summaries,rupa-kalapas-grouping-of-matter,PENDING,8608,0.1722,1.72%,
0524,TS.AA.009,08 - Tables and Summaries,akusala-citta-and-akusala-vipaka-citta,PENDING,6649,0.133,1.33%,
0525,TS.AA.010,08 - Tables and Summaries,37-factors-of-enlightenment,PENDING,3125,0.0625,0.62%,
0526,TS.AA.011,08 - Tables and Summaries,four-stages-of-nibbana,PENDING,4526,0.0905,0.91%,
0527,TS.AA.012,08 - Tables and Summaries,ultimate-realities-table,PENDING,2139,0.0428,0.43%,
0528,TS.AA.013,08 - Tables and Summaries,31-realms-of-existence,PENDING,4265,0.0853,0.85%,
0529,PS.AA.000,09 - Paṭicca Samuppāda,paticca-samuppada,PENDING,1023,0.0205,0.2%,
0530,PS.AA.001,09 - Paṭicca Samuppāda,paticca-samuppada-introduction,PENDING,9064,0.1813,1.81%,
0531,PS.AA.002,09 - Paṭicca Samuppāda,paticca-samuppada-causes-and-effects-introduction,PENDING,5543,0.1109,1.11%,
0550,PS.BB.002,09 - Paṭicca Samuppāda,nibbana-ragakkhaya-dosakkhaya-mohakkhaya-part-1,PENDING,10834,0.2167,2.17%,
0553,PS.BB.003,09 - Paṭicca Samuppāda,panca-nivarana-and-sensual-pleasures-kama-raga,PENDING,9836,0.1967,1.97%,
0555,PS.BB.005,09 - Paṭicca Samuppāda,iccha-tanha-kama-root-causes-of-suffering,PENDING,12541,0.2508,2.51%,
0556,SI.CC.003,17 - Sutta Interpretations,essence-of-buddhism-in-the-first-sutta,PENDING,13194,0.2639,2.64%,
0557,PS.BB.006,09 - Paṭicca Samuppāda,jati-different-types-of-births,PENDING,12323,0.2465,2.46%,
0558,PS.BB.007,09 - Paṭicca Samuppāda,bhava-kammic-energy-that-can-power-an-existence,PENDING,10064,0.2013,2.01%,
0559,PS.BB.008,09 - Paṭicca Samuppāda,bhava-and-punabbhava-kammic-energy-giving-rise-to-renewed-existence,PENDING,6822,0.1364,1.36%,
0560,PS.CC.001,09 - Paṭicca Samuppāda,concepts-of-upadana-and-upadanakkhandha,PENDING,346,0.0069,0.07%,
0561,PS.CC.002,09 - Paṭicca Samuppāda,loka-sutta-origin-and-cessation-of-the-world,PENDING,14817,0.2963,2.96%,
0562,PS.CC.003,09 - Paṭicca Samuppāda,dukkha-samudaya-starts-with-samphassa-ja-vedana,PENDING,10176,0.2035,2.04%,
0563,PS.CC.004,09 - Paṭicca Samuppāda,key-steps-of-kammic-energy-accumulation,PENDING,11304,0.2261,2.26%,
0564,PS.CC.005,09 - Paṭicca Samuppāda,generating-kammic-energy-in-the-upadana-paccaya-bhava-step,PENDING,12975,0.2595,2.6%,
0565,PS.CC.006,09 - Paṭicca Samuppāda,vinnana-paccaya-namarupa,PENDING,9721,0.1944,1.94%,
0566,PS.CC.007,09 - Paṭicca Samuppāda,namarupa-paccaya-salayatana,PENDING,9107,0.1821,1.82%,
0568,PS.DD.001,09 - Paṭicca Samuppāda,kamma-and-paticca-samuppada,PENDING,284,0.0057,0.06%,
0570,PS.DD.003,09 - Paṭicca Samuppāda,dhamma-and-dhamma-different-but-related,PENDING,11954,0.2391,2.39%,
0572,PS.DD.005,09 - Paṭicca Samuppāda,where-are-memories-stored-vinnana-dhatu,PENDING,12717,0.2543,2.54%,
0575,PS.EE.001,09 - Paṭicca Samuppāda,paticca-samuppada-tilakkhana-four-noble-truths,PENDING,617,0.0123,0.12%,
0577,PS.EE.002,09 - Paṭicca Samuppāda,paticca-samuppada-introduction,PENDING,9064,0.1813,1.81%,
0578,PS.EE.003,09 - Paṭicca Samuppāda,what-did-the-buddha-mean-by-a-loka,PENDING,11811,0.2362,2.36%,
0579,PS.EE.004,09 - Paṭicca Samuppāda,future-suffering-loka-dukkha-samudaya-starts-with-sensory-input-arammana,PENDING,11337,0.2267,2.27%,
0580,PS.EE.005,09 - Paṭicca Samuppāda,sotapanna-one-with-the-wider-worldview-of-the-buddha,PENDING,13165,0.2633,2.63%,
0581,PS.EE.006,09 - Paṭicca Samuppāda,sotapanna-just-starting-on-the-noble-path,PENDING,12595,0.2519,2.52%,
0582,PS.EE.007,09 - Paṭicca Samuppāda,yoniso-manasikara-and-paticca-samuppada,PENDING,10801,0.216,2.16%,
0583,PS.EE.008,09 - Paṭicca Samuppāda,dhamma-different-meanings-depending-on-the-context,PENDING,12770,0.2554,2.55%,
0584,PS.EE.009,09 - Paṭicca Samuppāda,dhammanudhamma-patipatti-connection-to-paticca-samuppada-tilakkhana,PENDING,9823,0.1965,1.96%,
0586,PS.EE.010,09 - Paṭicca Samuppāda,where-are-memories-stored-connection-to-pancakkhandha,PENDING,10803,0.2161,2.16%,
0588,PS.FF.001,09 - Paṭicca Samuppāda,sakkaya-ditthi-and-paticca-samuppada,PENDING,336,0.0067,0.07%,
0589,PS.FF.002,09 - Paṭicca Samuppāda,sakkaya-ditthi-wrong-view-of-me-and-mine,PENDING,12671,0.2534,2.53%,
0591,PS.FF.004,09 - Paṭicca Samuppāda,anatta-and-sakkaya-ditthi-two-different-concepts,PENDING,9356,0.1871,1.87%,
0592,PS.GG.001,09 - Paṭicca Samuppāda,understanding-the-terms-in-paticca-samuppada,PENDING,339,0.0068,0.07%,
0594,PS.GG.003,09 - Paṭicca Samuppāda,sankhara-many-meanings,PENDING,379,0.0076,0.08%,
0595,PS.GG.004,09 - Paṭicca Samuppāda,sae1b985khara-an-introduction,PENDING,14322,0.2864,2.86%,
0596,PS.GG.005,09 - Paṭicca Samuppāda,sankhara-should-not-be-translated-as-a-single-word,PENDING,12778,0.2556,2.56%,
0598,PS.GG.006,09 - Paṭicca Samuppāda,kamma-and-sankhara-cetana-and-sancetana,PENDING,11710,0.2342,2.34%,
0599,PS.GG.007,09 - Paṭicca Samuppāda,kusala-mula-sankhara-needed-to-attain-nibbana,PENDING,14772,0.2954,2.95%,
0600,PS.GG.008,09 - Paṭicca Samuppāda,rebirths-take-place-according-to-abhisankhara,PENDING,10240,0.2048,2.05%,
0603,PS.GG.009,09 - Paṭicca Samuppāda,vinnana-two-critical-meanings,PENDING,259,0.0052,0.05%,
0606,PS.GG.010,09 - Paṭicca Samuppāda,abhisankhara-lead-to-kamma-vinnana,PENDING,11868,0.2374,2.37%,
0607,PS.GG.011,09 - Paṭicca Samuppāda,two-types-of-kamma-vinnana,PENDING,9570,0.1914,1.91%,
0608,PS.GG.012,09 - Paṭicca Samuppāda,summary-of-key-concepts-about-vinnana-and-sankhara,PENDING,9254,0.1851,1.85%,
0609,PS.GG.013,09 - Paṭicca Samuppāda,anidassana-appatigha-rupa-due-to-anidassana-vinnana,PENDING,17185,0.3437,3.44%,
0610,PS.GG.014,09 - Paṭicca Samuppāda,memory-dhamma-and-vinnana-dhatu,PENDING,225,0.0045,0.04%,
0611,PS.GG.015,09 - Paṭicca Samuppāda,critical-influence-of-wrong-views-on-akusala-citta,PENDING,7332,0.1466,1.47%,
0612,PS.GG.016,09 - Paṭicca Samuppāda,near-death-experiences-nde-brain-is-not-the-mind,PENDING,8956,0.1791,1.79%,
0613,PS.GG.017,09 - Paṭicca Samuppāda,gandhabba-mental-body-separating-from-physical-body-in-jhana,PENDING,10948,0.219,2.19%,
0615,PS.GG.018,09 - Paṭicca Samuppāda,citta-vithi-fundamental-sensory-unit,PENDING,12733,0.2547,2.55%,
0616,PS.GG.019,09 - Paṭicca Samuppāda,does-any-object-rupa-last-only-17-thought-moments,PENDING,8000,0.16,1.6%,
0618,PS.GG.021,09 - Paṭicca Samuppāda,pancupadanakkhandha-arises-with-an-arammana,PENDING,13939,0.2788,2.79%,
0619,PS.HH.001,09 - Paṭicca Samuppāda,paticca-samuppada-cycles,PENDING,176,0.0035,0.04%,
0620,PS.HH.002,09 - Paṭicca Samuppāda,idappaccayata-paticca-samuppada,PENDING,12042,0.2408,2.41%,
0621,PS.HH.003,09 - Paṭicca Samuppāda,avyakata-paticca-samuppada-for-vipaka-vinnana,PENDING,16539,0.3308,3.31%,
0622,PS.HH.004,09 - Paṭicca Samuppāda,akusala-mula-upapatti-paticca-samuppada,PENDING,10048,0.201,2.01%,
0623,PS.AA.006,09 - Paṭicca Samuppāda,how-we-create-our-own-rebirths,PENDING,11275,0.2255,2.25%,
0624,PS.II.001,09 - Paṭicca Samuppāda,paticca-samuppada-in-plain-english,PENDING,452,0.009,0.09%,
0625,PS.II.002,09 - Paṭicca Samuppāda,introduction-what-is-suffering,PENDING,15316,0.3063,3.06%,
0626,PS.II.003,09 - Paṭicca Samuppāda,introduction-2-the-three-categories-of-suffering,PENDING,12303,0.2461,2.46%,
0627,PS.II.004,09 - Paṭicca Samuppāda,avijja-paccaya-sankhara,PENDING,9407,0.1881,1.88%,
0628,PS.II.005,09 - Paṭicca Samuppāda,sankhara-paccaya-vinnana-1,PENDING,11138,0.2228,2.23%,
0629,PS.II.006,09 - Paṭicca Samuppāda,sankhara-paccaya-vinnana-2,PENDING,6151,0.123,1.23%,
0632,PS.II.007,09 - Paṭicca Samuppāda,difference-between-phassa-and-samphassa,PENDING,12445,0.2489,2.49%,
0633,PS.II.008,09 - Paṭicca Samuppāda,phassa-paccaya-vedana-to-tanha,PENDING,9148,0.183,1.83%,
0635,PS.II.010,09 - Paṭicca Samuppāda,upadana-paccaya-bhava-two-types-of-bhava,PENDING,13913,0.2783,2.78%,
0636,PS.II.011,09 - Paṭicca Samuppāda,namarupa-vinnae1b987a-dhamma-closely-related,PENDING,12406,0.2481,2.48%,
0637,PS.II.012,09 - Paṭicca Samuppāda,bhava-paccaya-jati-jara-marana,PENDING,16758,0.3352,3.35%,
0638,PS.AA.003,09 - Paṭicca Samuppāda,how-are-paticca-samuppada-cycles-initiated,PENDING,10047,0.2009,2.01%,
0639,PS.AA.004,09 - Paṭicca Samuppāda,what-does-paccaya-mean-in-paticca-samuppada-effect-is-not-guaranteed,PENDING,15039,0.3008,3.01%,
0640,PS.AA.005,09 - Paṭicca Samuppāda,imasmim-sati-idam-hoti,PENDING,12806,0.2561,2.56%,
0643,PS.JJ.001,09 - Paṭicca Samuppāda,patthana-dhamma,PENDING,190,0.0038,0.04%,
0644,PS.JJ.002,09 - Paṭicca Samuppāda,pattana-dhamma-cause-effect-hetu-phala,PENDING,9916,0.1983,1.98%,
0647,PS.JJ.004,09 - Paṭicca Samuppāda,asevana-annamanna-paccaya,PENDING,11785,0.2357,2.36%,
0656,IS.AA.000,10 - Is There a “Self”?,is-there-a-self,PENDING,1955,0.0391,0.39%,
0657,CH.BB.001,23 - Buddhism in Charts,recovering-suffering-free-pure-mind,PENDING,461,0.0092,0.09%,
0658,CH.BB.002,23 - Buddhism in Charts,true-happiness-is-the-absence-of-suffering,PENDING,13917,0.2783,2.78%,
0659,CH.BB.003,23 - Buddhism in Charts,uncovering-the-suffering-free-pabhassara-mind,PENDING,13984,0.2797,2.8%,
0660,CH.BB.004,23 - Buddhism in Charts,each-citta-starts-with-distorted-sanna,PENDING,14369,0.2874,2.87%,
0661,CH.BB.005,23 - Buddhism in Charts,contamination-of-the-human-mind-based-on-a-sensory-input,PENDING,13584,0.2717,2.72%,
0662,CH.BB.006,23 - Buddhism in Charts,contamination-of-a-human-mind-detailed-analysis,PENDING,14177,0.2835,2.84%,
0663,IS.BB.001,10 - Is There a “Self”?,does-anatta-refer-to-a-self,PENDING,1007,0.0201,0.2%,
0664,IS.BB.002,10 - Is There a “Self”?,cognition-modes-sanjanati-vijanati-pajanati-abhijanati,PENDING,13620,0.2724,2.72%,
0665,IS.BB.003,10 - Is There a “Self”?,anicca-nature-chasing-worldly-pleasures-is-pointless,PENDING,9877,0.1975,1.98%,
0666,IS.BB.004,10 - Is There a “Self”?,aniccae1b981-viparie1b987ami-annathabhavi-a-critical-verse,PENDING,14845,0.2969,2.97%,
0667,IS.BB.005,10 - Is There a “Self”?,dukkha-previously-unknown-truth-about-suffering,PENDING,13354,0.2671,2.67%,
0669,IS.BB.007,10 - Is There a “Self”?,atta-as-self-wrong-translation-in-natumhaka-sutta,PENDING,13833,0.2767,2.77%,
0670,IS.BB.008,10 - Is There a “Self”?,attato-samanupassati-to-view-something-to-be-of-value,PENDING,15452,0.309,3.09%,
0671,IS.BB.009,10 - Is There a “Self”?,sanna-vipallasa-distorted-perception,PENDING,11571,0.2314,2.31%,
0672,IS.BB.010,10 - Is There a “Self”?,sanna-all-our-thoughts-arise-with-distorted-sanna,PENDING,12202,0.244,2.44%,
0673,IS.BB.011,10 - Is There a “Self”?,upaya-and-upadana-two-stages-of-attachment,PENDING,12983,0.2597,2.6%,
0674,IS.CC.001,10 - Is There a “Self”?,sensory-experience-basis-of-buddhas-worldview,PENDING,722,0.0144,0.14%,
0702,DP.AA.000,11 - Dhamma and Philosophy,dhamma-and-philosophy,PENDING,194,0.0039,0.04%,
0703,DP.AA.001,11 - Dhamma and Philosophy,dhamma-and-philosophy-introduction,PENDING,6528,0.1306,1.31%,
0704,DP.AA.002,11 - Dhamma and Philosophy,philosophy-of-the-mind,PENDING,8577,0.1715,1.72%,
0705,DP.AA.003,11 - Dhamma and Philosophy,buddha-dhamma-buddhism-religion,PENDING,12529,0.2506,2.51%,
0706,DP.AA.004,11 - Dhamma and Philosophy,the-infinity-problem-in-buddhism,PENDING,11738,0.2348,2.35%,
0707,DP.AA.005,11 - Dhamma and Philosophy,free-will-in-buddhism-connection-to-sankhara,PENDING,14441,0.2888,2.89%,
0708,DP.BB.001,11 - Dhamma and Philosophy,book-reviews,PENDING,173,0.0035,0.03%,
0709,DP.BB.002,11 - Dhamma and Philosophy,why-does-the-world-exist,PENDING,9659,0.1932,1.93%,
0710,DP.BB.003,11 - Dhamma and Philosophy,waking-up-by-sam-harris,PENDING,11667,0.2333,2.33%,
0711,DP.BB.004,11 - Dhamma and Philosophy,the-language-of-god-by-francis-collins,PENDING,5344,0.1069,1.07%,
0712,DP.BB.005,11 - Dhamma and Philosophy,spark-exercise-and-brain-by-john-ratey,PENDING,3245,0.0649,0.65%,
0713,DP.BB.006,11 - Dhamma and Philosophy,the-life-of-the-buddha-by-bhikkhu-nanamoli,PENDING,9061,0.1812,1.81%,
0714,BM.AA.000,12 - Bhāvanā (Meditation),bhavana-meditation,PENDING,1922,0.0384,0.38%,
0716,BM.AA.001,12 - Bhāvanā (Meditation),introduction-to-buddhist-meditation,PENDING,11730,0.2346,2.35%,
0717,BM.AA.002,12 - Bhāvanā (Meditation),the-basics,PENDING,334,0.0067,0.07%,
0718,BM.AA.003,12 - Bhāvanā (Meditation),the-second-level,PENDING,11591,0.2318,2.32%,
0719,BM.AA.004,12 - Bhāvanā (Meditation),vipassana-vidassana-bhavana-insight-meditation,PENDING,8418,0.1684,1.68%,
0720,BM.AA.005,12 - Bhāvanā (Meditation),ariya-metta-bhavana,PENDING,8774,0.1755,1.75%,
0721,BM.AA.006,12 - Bhāvanā (Meditation),anapanasati-bhavana-introduction,PENDING,6159,0.1232,1.23%,
0722,BM.AA.007,12 - Bhāvanā (Meditation),what-is-anapana,PENDING,10048,0.201,2.01%,
0723,BM.AA.008,12 - Bhāvanā (Meditation),anapanasati-not-breath-meditation,PENDING,12148,0.243,2.43%,
0724,BM.AA.009,12 - Bhāvanā (Meditation),the-basic-formal-anapanasati-meditation,PENDING,8613,0.1723,1.72%,
0725,BM.AA.010,12 - Bhāvanā (Meditation),possible-effects-in-meditation-kundalini-awakening,PENDING,12513,0.2503,2.5%,
0726,BM.BB.001,12 - Bhāvanā (Meditation),key-to-anapanasati-how-to-change-habits-and-character-gati,PENDING,920,0.0184,0.18%,
0727,BM.BB.002,12 - Bhāvanā (Meditation),introduction-to-character-or-personality-gathi,PENDING,4666,0.0933,0.93%,
0728,BM.BB.003,12 - Bhāvanā (Meditation),a-broad-view-of-the-person-trying-to-be-a-better-person,PENDING,6378,0.1276,1.28%,
0729,BM.BB.004,12 - Bhāvanā (Meditation),how-character-gathi-leads-to-bhava-and-jati,PENDING,8439,0.1688,1.69%,
0731,BM.AA.011,12 - Bhāvanā (Meditation),karaniya-metta-sutta-metta-bhavana,PENDING,3873,0.0775,0.77%,
0732,BM.AA.012,12 - Bhāvanā (Meditation),10-attaining-the-sotapanna-stage-via-removing-ditthasava,PENDING,15014,0.3003,3.0%,
0733,BM.AA.013,12 - Bhāvanā (Meditation),cultivation-of-satta-bojjhanga,PENDING,15296,0.3059,3.06%,
0735,BM.AA.015,12 - Bhāvanā (Meditation),13-kammatthana-recitations-for-the-sotapanna-stage,PENDING,14771,0.2954,2.95%,
0736,BM.CC.001,12 - Bhāvanā (Meditation),meditation-deeper-aspects,PENDING,690,0.0138,0.14%,
0737,BM.CC.002,12 - Bhāvanā (Meditation),vipassana-buddhist-meditation,PENDING,12005,0.2401,2.4%,
0739,BM.CC.003,12 - Bhāvanā (Meditation),mind-operates-like-a-machine-according-to-natures-laws,PENDING,14724,0.2945,2.94%,
0741,BM.CC.004,12 - Bhāvanā (Meditation),sanna-gives-rise-to-most-of-the-vedana-we-experience,PENDING,14896,0.2979,2.98%,
0742,BM.CC.005,12 - Bhāvanā (Meditation),attaining-nibbana-requires-understanding-buddhas-worldview,PENDING,11884,0.2377,2.38%,
0744,BM.CC.006,12 - Bhāvanā (Meditation),tae1b987ha-result-of-sanna-giving-rise-to-mind-made-vedana,PENDING,15817,0.3163,3.16%,
0749,BM.CC.007,12 - Bhāvanā (Meditation),buddhist-theory-of-matter-fundamentals,PENDING,12103,0.2421,2.42%,
0751,BM.DD.002,12 - Bhāvanā (Meditation),anussati-anupassana-mindset-technique,PENDING,9612,0.1922,1.92%,
0752,BM.DD.003,12 - Bhāvanā (Meditation),myths-about-meditation,PENDING,14075,0.2815,2.81%,
0753,BM.DD.004,12 - Bhāvanā (Meditation),simple-way-enhance-merits-kusala,PENDING,9204,0.1841,1.84%,
0756,BM.DD.005,12 - Bhāvanā (Meditation),samadhi-jhana-magga-phala,PENDING,358,0.0072,0.07%,
0757,BM.DD.006,12 - Bhāvanā (Meditation),samadhi-three-kinds-of-mindfulness,PENDING,7954,0.1591,1.59%,
0758,BM.DD.007,12 - Bhāvanā (Meditation),sotapanna-anugami-getting-to-samadhi-via-formal-mediation-sessions,PENDING,13780,0.2756,2.76%,
0759,BM.DD.008,12 - Bhāvanā (Meditation),are-you-not-getting-expected-results-from-meditation,PENDING,16224,0.3245,3.24%,
0760,AB.AA.000,13 - Abhidhamma,abhidhamma,PENDING,1870,0.0374,0.37%,
0761,AB.BB.001,13 - Abhidhamma,abhidhamma-introduction,PENDING,13927,0.2785,2.79%,
0762,AB.BB.002,13 - Abhidhamma,essential-abhidhamma-the-basics,PENDING,392,0.0078,0.08%,
0764,AB.BB.004,13 - Abhidhamma,amazing-mind-namagotta-memories,PENDING,11144,0.2229,2.23%,
0765,AB.BB.005,13 - Abhidhamma,citta-and-cetasika-how-vinnana-consciousness-arises,PENDING,10846,0.2169,2.17%,
0766,AB.BB.006,13 - Abhidhamma,state-of-mind-in-absence-of-citta-vithi,PENDING,13181,0.2636,2.64%,
0768,AB.BB.008,13 - Abhidhamma,citta-vithi-processing-sense-inputs,PENDING,15652,0.313,3.13%,
0769,AB.BB.009,13 - Abhidhamma,javana-of-a-citta-the-root-of-mental-power,PENDING,10297,0.2059,2.06%,
0770,AB.BB.010,13 - Abhidhamma,cetasika-connection-to-gati,PENDING,12242,0.2448,2.45%,
0771,AB.CC.001,13 - Abhidhamma,the-mind,PENDING,273,0.0055,0.05%,
0773,AB.CC.003,13 - Abhidhamma,what-is-a-thought,PENDING,13125,0.2625,2.62%,
0774,AB.CC.004,13 - Abhidhamma,what-is-in-a-thought-why-gathi-are-so-important,PENDING,12254,0.2451,2.45%,
0776,AB.CC.005,13 - Abhidhamma,thoughts-citta-consciousness-vinnana-and-mind-hadaya-vatthu-introduction,PENDING,8702,0.174,1.74%,
0777,AB.CC.006,13 - Abhidhamma,2-vinnana-consciousness-can-be-of-many-different-types-and-forms,PENDING,9222,0.1844,1.84%,
0778,AB.CC.007,13 - Abhidhamma,3-vinnana-is-not-a-thought-what-is-subconscious,PENDING,9541,0.1908,1.91%,
0779,AB.DD.001,13 - Abhidhamma,gandhabbaya-manomaya-kaya,PENDING,782,0.0156,0.16%,
0780,AB.DD.002,13 - Abhidhamma,gandhabbaya-manomaya-kaya-introduction,PENDING,13673,0.2735,2.73%,
0782,AB.DD.003,13 - Abhidhamma,gandhabba-netherworld-paraloka,PENDING,12168,0.2434,2.43%,
0783,AB.DD.004,13 - Abhidhamma,ghost-in-the-machine-manomaya-kaya,PENDING,13006,0.2601,2.6%,
0784,AB.DD.005,13 - Abhidhamma,manomaya-kaya-gandhabba-and-the-physical-body,PENDING,13722,0.2744,2.74%,
0785,AB.DD.006,13 - Abhidhamma,brain-interface-between-mind-and-body,PENDING,12913,0.2583,2.58%,
0786,AB.DD.007,13 - Abhidhamma,manomaya-kaya-and-out-of-body-experience-obe,PENDING,10464,0.2093,2.09%,
0787,AB.DD.008,13 - Abhidhamma,cuti-patisandhi-an-abhidhamma-description,PENDING,10927,0.2185,2.19%,
0789,AB.EE.001,13 - Abhidhamma,role-of-the-brain-in-human-consciousness,PENDING,101,0.002,0.02%,
0792,AB.FF.001,13 - Abhidhamma,abhidhamma-via-science,PENDING,2854,0.0571,0.57%,
0800,AB.GG.004,13 - Abhidhamma,the-origin-of-matter-suddhatthaka,PENDING,16264,0.3253,3.25%,
0801,AB.GG.005,13 - Abhidhamma,what-are-dhamma-a-deeper-analysis,PENDING,14709,0.2942,2.94%,
0802,AB.GG.006,13 - Abhidhamma,pabhassara-citta-radiant-mind-bhavanga,PENDING,16457,0.3291,3.29%,
0803,HB.AA.000,14 - Historical Background,historical-background,PENDING,952,0.019,0.19%,
0804,HB.AA.001,14 - Historical Background,introduction,PENDING,3691,0.0738,0.74%,
0806,HB.AA.003,14 - Historical Background,counterfeit-buddhism-current-mainstream-buddhism,PENDING,20303,0.4061,4.06%,
0807,HB.AA.004,14 - Historical Background,methods-of-delivery-of-dhamma-by-the-buddha-2,PENDING,3483,0.0697,0.7%,
0808,HB.AA.005,14 - Historical Background,questions-buddha-refused-to-answer,PENDING,8707,0.1741,1.74%,
0809,HB.AA.006,14 - Historical Background,misinterpretations-of-buddha-dhamma,PENDING,6476,0.1295,1.3%,
0810,HB.AA.007,14 - Historical Background,preservation-buddha-dhamma,PENDING,15867,0.3173,3.17%,
0813,HB.AA.010,14 - Historical Background,historical-timeline-of-edward-conze,PENDING,10689,0.2138,2.14%,
0814,HB.AA.011,14 - Historical Background,why-is-it-critical-to-find-the-pure-buddha-dhamma,PENDING,6888,0.1378,1.38%,
0815,HB.AA.012,14 - Historical Background,key-problems-with-mahayana-teachings,PENDING,12723,0.2545,2.54%,
0816,HB.AA.013,14 - Historical Background,saddharma-pundarika-sutra-lotus-sutra-a-focused-analysis,PENDING,12148,0.243,2.43%,
0817,HB.AA.014,14 - Historical Background,what-is-sunyata-emptiness,PENDING,13415,0.2683,2.68%,
0818,HB.AA.015,14 - Historical Background,buddhaghosa-and-visuddhimagga-historical-background,PENDING,15517,0.3103,3.1%,
0819,HB.AA.016,14 - Historical Background,buddhaghosas-visuddhimagga-a-focused-analysis,PENDING,14892,0.2978,2.98%,
0820,HB.AA.017,14 - Historical Background,background-on-the-current-revival-of-buddha-dhamma-2,PENDING,11560,0.2312,2.31%,
0822,HB.AA.019,14 - Historical Background,tipitaka-commentaries-helpful-or-misleading,PENDING,15275,0.3055,3.06%,
0823,BC.AA.000,15 - Buddhist Chanting,buddhist-chanting,PENDING,224,0.0045,0.04%,
0824,BC.AA.001,15 - Buddhist Chanting,buddhist-chanting-introduction,PENDING,2831,0.0566,0.57%,
0825,BC.AA.002,15 - Buddhist Chanting,sadhu-symbolizes-purified-heart,PENDING,4062,0.0812,0.81%,
0826,BC.AA.003,15 - Buddhist Chanting,namaskaraya-homage-to-buddha,PENDING,6333,0.1267,1.27%,
0827,BC.AA.004,15 - Buddhist Chanting,supreme-qualities-of-buddha-dhamma-sangha,PENDING,10686,0.2137,2.14%,
0828,BC.AA.005,15 - Buddhist Chanting,five-precepts-panca-sila-recital,PENDING,2345,0.0469,0.47%,
0829,BC.AA.006,15 - Buddhist Chanting,sutta-chanting-with-pali-text,PENDING,1656,0.0331,0.33%,
0830,DD.AA.000,16 - Dhammapada,dhammapada,PENDING,161,0.0032,0.03%,
0831,DD.AA.001,16 - Dhammapada,manopubbangama-dhamma,PENDING,4118,0.0824,0.82%,
0832,DD.AA.002,16 - Dhammapada,sabba-papassa-akaranam,PENDING,1608,0.0322,0.32%,
0833,DD.AA.003,16 - Dhammapada,appamado-amata-padam,PENDING,4356,0.0871,0.87%,
0834,DD.AA.004,16 - Dhammapada,na-jacca-vasalo-hoti,PENDING,3517,0.0703,0.7%,
0835,DD.AA.005,16 - Dhammapada,arogya-parama-labha,PENDING,5980,0.1196,1.2%,
0836,DD.AA.006,16 - Dhammapada,anicca-vata-sankhara,PENDING,4915,0.0983,0.98%,
0837,DD.AA.007,16 - Dhammapada,atta-hi-attano-natho,PENDING,2259,0.0452,0.45%,
0838,SI.AA.000,17 - Sutta Interpretations,sutta-interpretations,PENDING,1398,0.028,0.28%,
0839,SI.AA.001,17 - Sutta Interpretations,sutta-interpretation-uddesa-niddesa-patiniddesa,PENDING,13520,0.2704,2.7%,
0840,SI.AA.002,17 - Sutta Interpretations,pali-dictionaries-reliability,PENDING,9281,0.1856,1.86%,
0841,SI.AA.003,17 - Sutta Interpretations,nikaya-sutta-pitaka,PENDING,6358,0.1272,1.27%,
0842,SI.AA.004,17 - Sutta Interpretations,sutta-learning-sequence-for-the-present-day,PENDING,10465,0.2093,2.09%,
0843,SI.BB.001,17 - Sutta Interpretations,maha-satipatthana-sutta,PENDING,243,0.0049,0.05%,
0844,SI.BB.002,17 - Sutta Interpretations,satipatthana-sutta-structure,PENDING,11579,0.2316,2.32%,
0845,SI.BB.003,17 - Sutta Interpretations,satipatthana-introduction,PENDING,8522,0.1704,1.7%,
0846,SI.BB.004,17 - Sutta Interpretations,kayanupassana-foundation-iriyapathapabba,PENDING,7235,0.1447,1.45%,
0847,SI.BB.005,17 - Sutta Interpretations,kayanupassana-the-section-on-habits-sampajanapabba,PENDING,6493,0.1299,1.3%,
0848,SI.BB.006,17 - Sutta Interpretations,prerequisites-for-the-satipatthana-bhavana,PENDING,7975,0.1595,1.59%,
0849,SI.BB.007,17 - Sutta Interpretations,kaya-kaya-kayanupassana,PENDING,10347,0.2069,2.07%,
0850,SI.AA.005,17 - Sutta Interpretations,maha-cattarisaka-sutta-discourse-on-the-great-forty,PENDING,11698,0.234,2.34%,
0851,SI.CC.001,17 - Sutta Interpretations,dhammacakkappavattana-sutta,PENDING,255,0.0051,0.05%,
0852,SI.CC.002,17 - Sutta Interpretations,dhammacakkappavattana-sutta-introduction,PENDING,10262,0.2052,2.05%,
0854,SI.CC.004,17 - Sutta Interpretations,majjhima-patipada-relinquish-attachments-to-world,PENDING,11224,0.2245,2.24%,
0855,SI.CC.005,17 - Sutta Interpretations,tiparivattaya-and-twelve-types-of-nana,PENDING,10812,0.2162,2.16%,
0856,SI.CC.006,17 - Sutta Interpretations,relinquishing-defilements-via-three-rounds-and-four-stages,PENDING,10791,0.2158,2.16%,
0857,SI.DD.001,17 - Sutta Interpretations,anguttara-nikaya,PENDING,323,0.0065,0.06%,
0859,SI.DD.002,17 - Sutta Interpretations,dasa-akusala-dasa-kusala-basis-buddha-dhamma,PENDING,2390,0.0478,0.48%,
0860,SI.DD.003,17 - Sutta Interpretations,dasa-akusala-dasa-kusala-basis-of-buddha-dhamma-2,PENDING,2634,0.0527,0.53%,
0861,SI.AA.006,17 - Sutta Interpretations,na-cetanakaraniya-sutta,PENDING,8403,0.1681,1.68%,
0862,SI.AA.007,17 - Sutta Interpretations,pathama-metta-sutta,PENDING,2325,0.0465,0.46%,
0863,SI.AA.008,17 - Sutta Interpretations,kukkuravatika-sutta-majjhima-nikaya-57-kammakkhaya,PENDING,20701,0.414,4.14%,
0864,SI.AA.009,17 - Sutta Interpretations,agganna-sutta-discussion-introduction,PENDING,13199,0.264,2.64%,
0866,SI.AA.011,17 - Sutta Interpretations,tapussa-sutta-akuppa-cetovimutti,PENDING,15109,0.3022,3.02%,
0867,SI.AA.012,17 - Sutta Interpretations,yamaka-sutta-sn-22-85-arahanthood-not-annihilation,PENDING,9348,0.187,1.87%,
0868,SI.AA.013,17 - Sutta Interpretations,three-types-of-bodies-potthapada-sutta-dn-9,PENDING,8399,0.168,1.68%,
0869,MR.AA.000,18 - Myths or Realities?,myths-or-realities,PENDING,2539,0.0508,0.51%,
0870,MR.AA.001,18 - Myths or Realities?,vedas-originated-with-buddha-kassapas-teachings,PENDING,16671,0.3334,3.33%,
0871,MR.AA.002,18 - Myths or Realities?,dasa-mara-sena-marasena-ten-defilements,PENDING,15346,0.3069,3.07%,
0872,MR.AA.003,18 - Myths or Realities?,animisa-locana-bodhi-pooja,PENDING,10979,0.2196,2.2%,
0873,MR.AA.004,18 - Myths or Realities?,paramita-how-a-puthujjana-becomes-a-buddha,PENDING,15408,0.3082,3.08%,
0874,MR.AA.005,18 - Myths or Realities?,tisarana-vandana-and-its-effects-on-ones-gathi,PENDING,11779,0.2356,2.36%,
0875,MR.AA.006,18 - Myths or Realities?,does-the-hell-niraya-exist,PENDING,15537,0.3107,3.11%,
0876,MR.AA.007,18 - Myths or Realities?,can-buddhist-meditation-be-dangerous,PENDING,14040,0.2808,2.81%,
0877,MR.AA.008,18 - Myths or Realities?,boy-who-remembered-pali-suttas-for-1500-years,PENDING,7436,0.1487,1.49%,
0878,MR.AA.009,18 - Myths or Realities?,do-buddhists-pray-and-engage-in-idol-worshipping,PENDING,10493,0.2099,2.1%,
0887,PD.BB.000,20 - About,forums,PENDING,17,0.0003,0.0%,
0888,PD.CC.000,20 - About,about-me,PENDING,4676,0.0935,0.94%,
0889,QD.AA.000,21 - Quantum Mechanics and Dhamma,quantum-mechanics-buddhism-buddha-dhamma,PENDING,996,0.0199,0.2%,
0890,QD.AA.001,21 - Quantum Mechanics and Dhamma,quantum-mechanics-and-dhamma-introduction,PENDING,10183,0.2037,2.04%,
0891,QD.BB.001,21 - Quantum Mechanics and Dhamma,quantum-mechanics-and-consciousness,PENDING,112,0.0022,0.02%,
0892,QD.BB.002,21 - Quantum Mechanics and Dhamma,will-quantum-mechanics-be-able-to-explain-consciousness,PENDING,14788,0.2958,2.96%,
0893,QD.BB.003,21 - Quantum Mechanics and Dhamma,observer-effect-quantum-mechanics,PENDING,12170,0.2434,2.43%,
0894,QD.CC.001,21 - Quantum Mechanics and Dhamma,quantum-mechanics-a-new-interpretation,PENDING,2626,0.0525,0.53%,
0895,QD.CC.002,21 - Quantum Mechanics and Dhamma,what-is-a-wave-and-what-is-a-particle,PENDING,9644,0.1929,1.93%,
0896,QD.CC.003,21 - Quantum Mechanics and Dhamma,photons-are-particles-not-waves,PENDING,9382,0.1876,1.88%,
0897,QD.DD.001,21 - Quantum Mechanics and Dhamma,basis-of-proposed-interpretation-feynmans-technique-qed,PENDING,300,0.006,0.06%,
0898,QD.DD.002,21 - Quantum Mechanics and Dhamma,feynmans-glass-plate-experiment,PENDING,12486,0.2497,2.5%,
0899,QD.DD.003,21 - Quantum Mechanics and Dhamma,feynmans-method-of-a-particle-exploring-all-possible-paths,PENDING,8973,0.1795,1.79%,
0900,QD.DD.004,21 - Quantum Mechanics and Dhamma,exploring-possible-paths-fermats-principle-least-time,PENDING,5483,0.1097,1.1%,
0901,BA.AA.000,22 - Buddha Dhamma – Advanced,buddha-dhamma-advanced,PENDING,1573,0.0315,0.31%,
0902,CH.AA.001,23 - Buddhism in Charts,pali-words-writing-pronunciation,PENDING,12436,0.2487,2.49%,
0903,BA.AA.001,22 - Buddha Dhamma – Advanced,pali-suttas-in-tipie1b9adaka-direct-translations-are-wrong,PENDING,13544,0.2709,2.71%,
0906,BA.AA.003,22 - Buddha Dhamma – Advanced,rupa-and-rupakkhandha-not-external-objects,PENDING,12108,0.2422,2.42%,
0907,BA.AA.004,22 - Buddha Dhamma – Advanced,viparie1b987ama-two-meanings,PENDING,13344,0.2669,2.67%,
0908,BA.AA.005,22 - Buddha Dhamma – Advanced,arammae1b987a-sensory-input-initiates-critical-processes,PENDING,16940,0.3388,3.39%,
0941,CH.AA.003,23 - Buddhism in Charts,salayatana-are-not-sense-faculties,PENDING,11749,0.235,2.35%,
0944,CH.AA.005,23 - Buddhism in Charts,rupa-dhamma-appae1b9adigha-rupa-and-namagotta-memories,PENDING,11734,0.2347,2.35%,
0946,FT.BB.001,24 - FootNotes,parinibbana-of-waharaka-thero,PENDING,7505,0.1501,1.5%,
0947,FT.CC.001,24 - FootNotes,puredhamma-essays-in-a-book-format,PENDING,2387,0.0477,0.48%,
0948,FT.DD.001,24 - FootNotes,pure-dhamma-sinhala-translation,PENDING,812,0.0162,0.16%,
0949,FT.DD.002,24 - FootNotes,pure-dhamma-german-website,PENDING,1683,0.0337,0.34%,
0950,FT.DD.003,24 - FootNotes,pure-dhamma-korean-website,PENDING,1010,0.0202,0.2%,
0952,FT.EE.001,24 - FootNotes,niramisa-sukha-in-a-chart,PENDING,851,0.017,0.17%,
0953,FT.FF.001,24 - FootNotes,pali-glossary-with-pronunciation,PENDING,5370,0.1074,1.07%,
0954,FT.GG.001,24 - FootNotes,new-revised-posts,PENDING,20255,0.4051,4.05%,
0955,FT.HH.001,24 - FootNotes,pure-dhamma-sitemap,PENDING,30943,0.6189,6.19%,
0956,FT.II.001,24 - FootNotes,pure-dhamma-discussion-forum-guidelines,PENDING,7236,0.1447,1.45%,
0957,FT.JJ.001,24 - FootNotes,pure-dhamma-reflections-on-2019,PENDING,5901,0.118,1.18%,
0958,FT.JJ.002,24 - FootNotes,pure-dhamma-reflections-on-2018,PENDING,3444,0.0689,0.69%,
0959,FT.JJ.003,24 - FootNotes,pure-dhamma-reflections-on-2017,PENDING,7392,0.1478,1.48%,
0960,FT.JJ.004,24 - FootNotes,pure-dhamma-reflections-on-2016,PENDING,8221,0.1644,1.64%,
0961,FT.JJ.005,24 - FootNotes,reflections-on-2015,PENDING,6606,0.1321,1.32%,
0962,FT.JJ.006,24 - FootNotes,reflections-on-2014,PENDING,5865,0.1173,1.17%,
0970,MS.BB.001,25 - Miscellaneous,buddha-dhamma-in-a-chart,PENDING,251,0.005,0.05%,
0972,MS.CC.001,25 - Miscellaneous,ancient-teeth-found-in-china-challenge-modern-human-migration-theory,PENDING,1688,0.0338,0.34%,
0973,MS.CC.002,25 - Miscellaneous,mars-curiosity-photos-suggest-life-may-have-existed-on-red-planet,PENDING,466,0.0093,0.09%,
0974,MS.CC.003,25 - Miscellaneous,recent-publications-on-benefits-of-meditation,PENDING,1620,0.0324,0.32%,
0975,MS.CC.004,25 - Miscellaneous,laniakea-our-home-supercluster,PENDING,1286,0.0257,0.26%,
0976,MS.CC.005,25 - Miscellaneous,think-outside-the-box,PENDING,1899,0.038,0.38%,
0977,MS.CC.006,25 - Miscellaneous,there-are-as-many-creatures-on-your-body-as-there-are-people-on-earth,PENDING,3014,0.0603,0.6%,
0978,MS.CC.007,25 - Miscellaneous,news-article-on-robin-williams-and-buddhist-meditation,PENDING,1361,0.0272,0.27%,
0979,MS.CC.008,25 - Miscellaneous,world-historical-timeline,PENDING,354,0.0071,0.07%,
0980,MS.CC.009,25 - Miscellaneous,second-largest-religion-by-state-in-the-us,PENDING,996,0.0199,0.2%,
0982,NP.BB.001,26 - NEW POSTS,path-to-nibbana-the-necessary-background,PENDING,15240,0.3048,3.05%,
0983,NP.BB.002,26 - NEW POSTS,path-to-nibbana-learning-dhamma-to-become-a-sotapanna,PENDING,12531,0.2506,2.51%,
0984,NP.BB.003,26 - NEW POSTS,sotapanna-stage-from-kama-loka,PENDING,18985,0.3797,3.8%,
